town,flat_type,floor_area_sqm,flat_model,lease_commence_date,resale_price
CHOA CHU KANG,4 ROOM,104,Model A,1989,400000
BUKIT MERAH,3 ROOM,64,Standard,1969,404000
JURONG WEST,EXECUTIVE,141,Apartment,1989,422000
JURONG WEST,3 ROOM,74,Model A,1984,375000
JURONG EAST,4 ROOM,95,New Generation,1982,385000
JURONG EAST,5 ROOM,120,Improved,1998,655000
ANG MO KIO,4 ROOM,92,New Generation,1977,590000
CENTRAL AREA,3 ROOM,75,Model A,1984,375000
ANG MO KIO,4 ROOM,92,New Generation,1978,490000
GEYLANG,4 ROOM,92,New Generation,1976,543000
BUKIT PANJANG,4 ROOM,94,Premium Apartment,2002,435000
MARINE PARADE,3 ROOM,65,Improved,1975,465000
HOUGANG,4 ROOM,104,Model A,1987,448000
SENGKANG,5 ROOM,114,Premium Apartment,2004,460000
BEDOK,4 ROOM,93,New Generation,1985,405000
WOODLANDS,EXECUTIVE,145,Apartment,1996,638888
BUKIT BATOK,4 ROOM,84,Simplified,1986,353000
SENGKANG,4 ROOM,90,Model A,2002,454000
BUKIT MERAH,4 ROOM,92,New Generation,1985,638000
CHOA CHU KANG,4 ROOM,90,Model A,2003,430000
HOUGANG,3 ROOM,64,Simplified,1986,280000
YISHUN,3 ROOM,74,Model A,1986,316988
BEDOK,3 ROOM,68,New Generation,1982,319000
CLEMENTI,5 ROOM,123,Improved,1979,675000
GEYLANG,4 ROOM,84,Simplified,1986,410000
QUEENSTOWN,3 ROOM,56,Standard,1971,335000
ANG MO KIO,3 ROOM,68,New Generation,1979,290000
TOA PAYOH,5 ROOM,125,Improved,1989,608000
CHOA CHU KANG,4 ROOM,104,Model A,1993,300000
TAMPINES,4 ROOM,105,Model A,1985,465000
WOODLANDS,5 ROOM,122,Improved,1998,480000
TAMPINES,4 ROOM,104,Model A,1988,425000
BEDOK,4 ROOM,91,New Generation,1978,410000
WOODLANDS,5 ROOM,122,Improved,1996,455000
YISHUN,4 ROOM,84,Simplified,1986,350000
JURONG WEST,5 ROOM,110,Improved,2001,510000
YISHUN,5 ROOM,121,Improved,1985,515000
WOODLANDS,5 ROOM,121,Improved,1999,475000
BUKIT BATOK,4 ROOM,84,Simplified,1987,390000
WOODLANDS,4 ROOM,100,Model A,1996,385000
KALLANG/WHAMPOA,3 ROOM,65,Improved,1974,243888
TAMPINES,5 ROOM,109,DBSS,2008,708000
BUKIT PANJANG,5 ROOM,121,Improved,1998,470000
JURONG EAST,EXECUTIVE,147,Maisonette,1985,680000
BUKIT MERAH,3 ROOM,88,Standard,1973,650000
BUKIT MERAH,3 ROOM,72,Improved,1975,390000
BEDOK,3 ROOM,83,New Generation,1980,385000
SEMBAWANG,EXECUTIVE,131,Premium Apartment,2001,528000
TOA PAYOH,4 ROOM,104,Model A,1984,490000
PASIR RIS,4 ROOM,106,Model A,1990,390000
TAMPINES,5 ROOM,133,Model A,1995,622900
MARINE PARADE,4 ROOM,82,Improved,1976,527000
JURONG WEST,5 ROOM,110,Premium Apartment,2008,438000
GEYLANG,4 ROOM,100,New Generation,1980,510000
TAMPINES,4 ROOM,108,Model A,1985,500000
BISHAN,EXECUTIVE,144,Apartment,1986,910000
ANG MO KIO,4 ROOM,92,New Generation,1981,425000
WOODLANDS,4 ROOM,88,Simplified,1989,346000
WOODLANDS,EXECUTIVE,140,Apartment,1999,588000
YISHUN,4 ROOM,84,Simplified,1985,360000
YISHUN,3 ROOM,64,Simplified,1985,270000
BUKIT MERAH,3 ROOM,67,New Generation,1976,365000
CENTRAL AREA,4 ROOM,85,Model A,2003,506888
QUEENSTOWN,3 ROOM,56,Standard,1973,340000
BEDOK,3 ROOM,67,New Generation,1985,350000
ANG MO KIO,EXECUTIVE,153,Apartment,1996,760000
PUNGGOL,5 ROOM,110,Premium Apartment,2005,500000
SEMBAWANG,5 ROOM,110,Improved,2001,415000
ANG MO KIO,3 ROOM,67,New Generation,1978,335000
WOODLANDS,5 ROOM,111,Premium Apartment,2004,399000
PUNGGOL,5 ROOM,110,Premium Apartment,2003,510000
HOUGANG,5 ROOM,121,Improved,1987,500000
BUKIT PANJANG,EXECUTIVE,143,Maisonette,1999,655000
YISHUN,3 ROOM,67,New Generation,1982,287000
JURONG WEST,4 ROOM,103,Model A,1985,425000
HOUGANG,4 ROOM,91,New Generation,1985,440000
BEDOK,4 ROOM,92,New Generation,1979,460000
CHOA CHU KANG,4 ROOM,104,Premium Apartment,1999,370000
JURONG EAST,4 ROOM,92,New Generation,1984,460000
TAMPINES,5 ROOM,122,Improved,1989,510000
QUEENSTOWN,3 ROOM,59,Improved,1974,355000
SEMBAWANG,4 ROOM,91,Model A,2001,380000
QUEENSTOWN,5 ROOM,111,Improved,2003,814000
JURONG WEST,3 ROOM,73,Model A,1984,306000
HOUGANG,4 ROOM,104,Model A,1987,427000
GEYLANG,3 ROOM,60.3,Standard,1967,295000
JURONG WEST,EXECUTIVE,130,Apartment,2001,592000
CLEMENTI,3 ROOM,67,New Generation,1979,310000
GEYLANG,4 ROOM,92,New Generation,1976,580000
CHOA CHU KANG,5 ROOM,120,Improved,1999,390000
WOODLANDS,4 ROOM,92,New Generation,1985,373000
ANG MO KIO,3 ROOM,68,New Generation,1981,277000
BUKIT PANJANG,4 ROOM,93,Premium Apartment,2004,425000
CHOA CHU KANG,4 ROOM,91,New Generation,1981,318000
CENTRAL AREA,3 ROOM,68,Improved,1978,550000
SENGKANG,5 ROOM,110,Improved,2001,580000
GEYLANG,4 ROOM,91,New Generation,1978,523000
QUEENSTOWN,3 ROOM,60,Improved,1970,315000
WOODLANDS,EXECUTIVE,146,Maisonette,1986,560000
SENGKANG,4 ROOM,88,Model A2,2000,378000
TAMPINES,4 ROOM,103,Model A,1984,387000
BISHAN,4 ROOM,112,Model A,1992,660000
CLEMENTI,EXECUTIVE,161,Maisonette,1985,888888
WOODLANDS,3 ROOM,67,New Generation,1986,332000
PUNGGOL,4 ROOM,92,Premium Apartment,2009,538000
HOUGANG,3 ROOM,64,Simplified,1989,291000
WOODLANDS,5 ROOM,113,Premium Apartment,2002,483000
ANG MO KIO,3 ROOM,89,New Generation,1979,435000
KALLANG/WHAMPOA,4 ROOM,92,Model A,2012,680000
SENGKANG,4 ROOM,90,Premium Apartment,2009,540000
HOUGANG,3 ROOM,74,Model A,1983,318888
BEDOK,5 ROOM,117,Standard,1979,517000
CLEMENTI,4 ROOM,104,Model A,1984,520000
WOODLANDS,4 ROOM,107,Premium Apartment,1999,408000
JURONG WEST,5 ROOM,127,Improved,1988,452000
QUEENSTOWN,4 ROOM,90,Model A,2008,705000
BUKIT BATOK,EXECUTIVE,144,Apartment,1998,735000
BUKIT BATOK,4 ROOM,105,Model A,1989,415000
JURONG WEST,4 ROOM,94,Premium Apartment,2008,410000
JURONG WEST,5 ROOM,110,Improved,2001,448000
WOODLANDS,EXECUTIVE,142,Maisonette,1999,600000
ANG MO KIO,3 ROOM,68,New Generation,1980,348000
SEMBAWANG,4 ROOM,90,Model A,2001,355000
WOODLANDS,4 ROOM,90,Model A2,1998,343000
BEDOK,4 ROOM,92,New Generation,1979,418000
TAMPINES,EXECUTIVE,146,Maisonette,1988,710000
YISHUN,5 ROOM,132,Model A,1992,516000
CHOA CHU KANG,EXECUTIVE,146,Maisonette,1996,580000
QUEENSTOWN,3 ROOM,65,Improved,1976,380000
YISHUN,5 ROOM,121,Improved,1987,445000
CHOA CHU KANG,5 ROOM,121,Improved,1997,485000
TAMPINES,5 ROOM,122,Improved,1988,532000
JURONG WEST,EXECUTIVE,156,Maisonette,1985,585000
BUKIT PANJANG,4 ROOM,101,Model A,1997,318000
PASIR RIS,4 ROOM,106,Model A,1989,405000
GEYLANG,5 ROOM,110,Improved,2000,840000
SENGKANG,5 ROOM,111,Premium Apartment,2002,365000
QUEENSTOWN,3 ROOM,56,Standard,1983,340100
TAMPINES,4 ROOM,105,Model A,1984,450000
JURONG EAST,4 ROOM,102,Model A,1998,465000
HOUGANG,EXECUTIVE,139,Apartment,1997,610000
WOODLANDS,EXECUTIVE,161,Apartment,1994,670000
GEYLANG,3 ROOM,63.1,Standard,1971,275000
KALLANG/WHAMPOA,3 ROOM,66,Improved,1972,370000
TAMPINES,3 ROOM,74,Model A,1988,356000
PUNGGOL,5 ROOM,110,Improved,2003,520000
SEMBAWANG,4 ROOM,102,Premium Apartment,2001,362000
JURONG WEST,3 ROOM,59,Improved,1975,230000
JURONG EAST,3 ROOM,72,Model A,2013,350000
GEYLANG,4 ROOM,93,Model A,2011,630000
PASIR RIS,5 ROOM,126,Improved,1993,470000
KALLANG/WHAMPOA,EXECUTIVE,141,Apartment,1986,769000
BUKIT PANJANG,4 ROOM,95,Premium Apartment,2004,465000
ANG MO KIO,3 ROOM,68,New Generation,1980,327000
PUNGGOL,3 ROOM,69,Premium Apartment,2012,380000
CLEMENTI,4 ROOM,90,Model A,2002,695000
MARINE PARADE,3 ROOM,65,Improved,1975,460000
HOUGANG,3 ROOM,67,New Generation,1984,265000
WOODLANDS,3 ROOM,65,Improved,1974,283000
PASIR RIS,4 ROOM,84,Simplified,1988,363000
TAMPINES,5 ROOM,128,Improved,1995,493000
PUNGGOL,4 ROOM,91,Premium Apartment,2005,509000
PUNGGOL,5 ROOM,112,Premium Apartment,2013,520000
BUKIT MERAH,2 ROOM,34,Standard,1971,210000
WOODLANDS,3 ROOM,65,Improved,1976,303000
TOA PAYOH,3 ROOM,57,Standard,1968,295000
KALLANG/WHAMPOA,4 ROOM,94,New Generation,1980,470000
BEDOK,3 ROOM,68,New Generation,1981,305000
JURONG WEST,EXECUTIVE,125,Apartment,2002,510000
BUKIT MERAH,5 ROOM,136,Model A,1984,770000
TAMPINES,3 ROOM,67,New Generation,1984,330000
TAMPINES,4 ROOM,104,Model A,1988,535000
JURONG WEST,3 ROOM,74,Model A,1984,320000
HOUGANG,5 ROOM,117,Improved,1997,710000
TOA PAYOH,3 ROOM,67,Improved,1969,370000
BISHAN,5 ROOM,121,Improved,1984,770000
KALLANG/WHAMPOA,3 ROOM,63,Standard,1981,345000
BEDOK,3 ROOM,65,Improved,1976,338000
HOUGANG,3 ROOM,67,New Generation,1985,345000
PASIR RIS,4 ROOM,103,Model A,1989,472000
GEYLANG,3 ROOM,56,Standard,1967,250000
TOA PAYOH,3 ROOM,67,Improved,1971,318000
ANG MO KIO,3 ROOM,81,New Generation,1980,413000
BUKIT MERAH,4 ROOM,91,New Generation,1978,530000
PASIR RIS,5 ROOM,133,Model A,1993,605000
SENGKANG,4 ROOM,94,Premium Apartment,2001,405000
SENGKANG,5 ROOM,110,Improved,2001,490000
JURONG WEST,5 ROOM,121,Improved,1990,449000
GEYLANG,4 ROOM,104,Model A,1986,435000
PASIR RIS,4 ROOM,105,Model A,1989,430000
PUNGGOL,4 ROOM,94,Premium Apartment,2004,421800
YISHUN,4 ROOM,105,Model A,1989,340000
SEMBAWANG,EXECUTIVE,125,Apartment,2002,515000
HOUGANG,4 ROOM,91,New Generation,1986,365000
BEDOK,4 ROOM,92,New Generation,1979,420000
HOUGANG,4 ROOM,84,Simplified,1987,419000
KALLANG/WHAMPOA,3 ROOM,59,Improved,1981,375000
GEYLANG,3 ROOM,75,Improved,1982,318000
BEDOK,3 ROOM,67,New Generation,1983,333000
CENTRAL AREA,2 ROOM,54,Improved,1982,279000
WOODLANDS,5 ROOM,125,Improved,1996,503000
CLEMENTI,4 ROOM,92,New Generation,1978,540000
BUKIT MERAH,5 ROOM,117,Improved,1981,695000
YISHUN,4 ROOM,104,Model A,1987,367000
PASIR RIS,4 ROOM,105,Model A,1989,437500
CHOA CHU KANG,EXECUTIVE,146,Maisonette,1989,635000
CHOA CHU KANG,4 ROOM,85,Model A2,2002,385000
BEDOK,3 ROOM,68,New Generation,1980,310000
YISHUN,3 ROOM,67,New Generation,1985,308000
TAMPINES,5 ROOM,127,Improved,1995,518000
CHOA CHU KANG,5 ROOM,111,Improved,2002,360000
SENGKANG,3 ROOM,83,Model A,2007,395000
BUKIT PANJANG,3 ROOM,73,Model A,1988,345000
ANG MO KIO,4 ROOM,83,New Generation,1978,446800
BUKIT PANJANG,5 ROOM,110,Premium Apartment,2004,480000
PUNGGOL,5 ROOM,112,Premium Apartment,2003,458000
CLEMENTI,5 ROOM,121,Improved,1984,668000
YISHUN,4 ROOM,84,Simplified,1985,380000
SENGKANG,5 ROOM,110,Premium Apartment,2003,570000
YISHUN,3 ROOM,67,New Generation,1985,310500
WOODLANDS,EXECUTIVE,177,Apartment,1995,720000
GEYLANG,4 ROOM,91,New Generation,1980,430000
TAMPINES,3 ROOM,64,Simplified,1987,285000
CHOA CHU KANG,5 ROOM,123,Improved,1996,423000
JURONG WEST,EXECUTIVE,130,Apartment,2000,566000
PUNGGOL,EXECUTIVE,128,Premium Apartment,2004,560000
CHOA CHU KANG,5 ROOM,126,Improved,1996,477000
JURONG WEST,4 ROOM,91,Model A,2002,410000
TOA PAYOH,3 ROOM,67,Improved,1970,327000
TAMPINES,5 ROOM,119,Improved,1997,518000
CLEMENTI,3 ROOM,67,New Generation,1978,285000
YISHUN,3 ROOM,67,New Generation,1985,370000
BUKIT MERAH,4 ROOM,92,New Generation,1978,550000
CLEMENTI,5 ROOM,119,Improved,1979,628000
BUKIT PANJANG,5 ROOM,110,Premium Apartment,2002,468000
MARINE PARADE,4 ROOM,82,Improved,1975,547000
ANG MO KIO,4 ROOM,95,Model A,2006,648000
JURONG WEST,3 ROOM,59,Improved,1978,287000
WOODLANDS,4 ROOM,100,Model A,1996,383000
SEMBAWANG,EXECUTIVE,143,Maisonette,1998,618000
SERANGOON,4 ROOM,91,New Generation,1985,390000
CLEMENTI,3 ROOM,67,New Generation,1979,448800
CHOA CHU KANG,4 ROOM,104,Model A,1993,370000
JURONG WEST,5 ROOM,110,Premium Apartment,2008,560000
PUNGGOL,5 ROOM,110,Premium Apartment,2005,548000
JURONG EAST,5 ROOM,131,Model A,1985,515000
BUKIT MERAH,5 ROOM,126,Improved,1996,800000
CLEMENTI,3 ROOM,67,New Generation,1979,375000
TOA PAYOH,4 ROOM,91,Model A,2006,560000
BUKIT BATOK,3 ROOM,68,New Generation,1986,335000
WOODLANDS,EXECUTIVE,163,Apartment,1995,678000
TAMPINES,3 ROOM,76,Model A,1984,370000
BUKIT MERAH,4 ROOM,90,Model A,2008,690000
BUKIT PANJANG,5 ROOM,110,Premium Apartment,2002,370000
SENGKANG,4 ROOM,90,Model A,2002,438000
BUKIT MERAH,4 ROOM,90,Model A,2002,618000
JURONG WEST,4 ROOM,91,Model A,2000,400000
SENGKANG,EXECUTIVE,135,Apartment,1999,615000
BUKIT MERAH,4 ROOM,74,Standard,1970,465000
PASIR RIS,5 ROOM,122,Improved,1995,530288
WOODLANDS,4 ROOM,91,New Generation,1987,370000
BUKIT PANJANG,5 ROOM,122,Improved,1988,491888
PASIR RIS,5 ROOM,125,Improved,1996,445000
CHOA CHU KANG,4 ROOM,92,New Generation,1978,320000
BEDOK,3 ROOM,67,New Generation,1978,309000
WOODLANDS,4 ROOM,103,Model A,1993,360000
JURONG WEST,3 ROOM,66,Improved,1974,309000
SENGKANG,5 ROOM,116,Improved,2000,510000
CHOA CHU KANG,4 ROOM,109,Model A,1995,380000
SENGKANG,4 ROOM,95,Premium Apartment,2004,368000
TOA PAYOH,3 ROOM,67,Improved,1972,412000
BUKIT BATOK,4 ROOM,84,Simplified,1987,360000
JURONG WEST,5 ROOM,110,Improved,2001,468000
CLEMENTI,3 ROOM,68,New Generation,1980,319000
ANG MO KIO,5 ROOM,118,Improved,1981,625000
BUKIT MERAH,3 ROOM,76,Improved,1973,440000
JURONG WEST,5 ROOM,109,Standard,1979,410000
JURONG WEST,5 ROOM,110,Improved,2001,485888
JURONG WEST,4 ROOM,104,Model A,1990,370000
JURONG WEST,3 ROOM,73,Model A,1988,334000
JURONG EAST,5 ROOM,135,Model A,1984,555000
JURONG WEST,4 ROOM,104,Model A,1990,351000
ANG MO KIO,3 ROOM,67,New Generation,1979,353000
PASIR RIS,4 ROOM,104,Model A,1992,485000
JURONG WEST,EXECUTIVE,133,Apartment,2002,580000
WOODLANDS,EXECUTIVE,177,Apartment,1995,695000
WOODLANDS,EXECUTIVE,174,Apartment,1995,690000
TAMPINES,4 ROOM,106,Model A,1984,497000
YISHUN,3 ROOM,68,Improved,1985,307000
BUKIT BATOK,4 ROOM,92,Model A,2004,495000
JURONG WEST,3 ROOM,65,Improved,1976,260000
TOA PAYOH,5 ROOM,116,Improved,2001,805000
QUEENSTOWN,3 ROOM,67,New Generation,1979,355000
TAMPINES,3 ROOM,64,Simplified,1985,330000
SENGKANG,5 ROOM,121,Improved,1999,518000
BUKIT MERAH,3 ROOM,67,New Generation,1981,401000
TAMPINES,4 ROOM,84,Simplified,1986,400000
PASIR RIS,4 ROOM,103,Model A,1989,435000
JURONG EAST,3 ROOM,67,New Generation,1981,360000
BUKIT BATOK,4 ROOM,91,New Generation,1985,335000
QUEENSTOWN,3 ROOM,65,Improved,1976,408888
SEMBAWANG,5 ROOM,111,Premium Apartment,2001,475000
YISHUN,3 ROOM,64,Simplified,1987,303000
GEYLANG,3 ROOM,68,New Generation,1981,378888
WOODLANDS,4 ROOM,86,Model A2,2000,393000
TOA PAYOH,3 ROOM,65,Improved,1972,390000
SERANGOON,3 ROOM,60,Improved,1985,330000
ANG MO KIO,4 ROOM,93,New Generation,1981,460000
YISHUN,5 ROOM,133,Improved,1986,412000
SENGKANG,EXECUTIVE,130,Apartment,2001,598000
PASIR RIS,4 ROOM,103,Model A,1996,397000
SENGKANG,5 ROOM,110,Improved,2000,555000
BUKIT PANJANG,4 ROOM,104,Model A,1988,368000
JURONG WEST,3 ROOM,67,New Generation,1985,330000
TOA PAYOH,2 ROOM,43,Standard,1967,242000
HOUGANG,4 ROOM,90,Model A2,1998,417000
KALLANG/WHAMPOA,5 ROOM,109,Improved,2004,690000
QUEENSTOWN,3 ROOM,65,Improved,1978,363888
JURONG WEST,3 ROOM,74,Improved,1976,348000
CHOA CHU KANG,3 ROOM,73,Model A,1989,280000
BISHAN,3 ROOM,64,Simplified,1988,430000
QUEENSTOWN,4 ROOM,90,Model A,2006,635000
YISHUN,3 ROOM,67,New Generation,1985,353000
BEDOK,3 ROOM,66,Improved,1983,350000
BUKIT BATOK,4 ROOM,84,Simplified,1986,376000
JURONG WEST,5 ROOM,110,Premium Apartment,2008,460000
JURONG WEST,4 ROOM,109,Model A,1985,320000
CLEMENTI,3 ROOM,67,New Generation,1979,287000
PASIR RIS,5 ROOM,126,Improved,1995,502000
CHOA CHU KANG,5 ROOM,110,Improved,2002,410000
YISHUN,3 ROOM,74,Model A,1988,312000
SEMBAWANG,4 ROOM,94,Premium Apartment,2001,460000
KALLANG/WHAMPOA,EXECUTIVE,140,Apartment,1986,890000
PASIR RIS,5 ROOM,134,Model A,1996,540000
CHOA CHU KANG,4 ROOM,105,Model A,1993,490000
JURONG EAST,3 ROOM,73,Improved,1979,302000
JURONG WEST,4 ROOM,93,Premium Apartment,2006,434000
JURONG WEST,3 ROOM,75,Model A,1984,320000
WOODLANDS,5 ROOM,119,Improved,1996,445000
WOODLANDS,4 ROOM,102,Model A,1998,385000
YISHUN,3 ROOM,67,New Generation,1985,347000
JURONG WEST,EXECUTIVE,130,Apartment,2001,610000
PASIR RIS,4 ROOM,105,Model A,1996,425000
JURONG WEST,4 ROOM,91,Model A,2000,438000
HOUGANG,4 ROOM,85,Model A2,2004,365000
JURONG WEST,3 ROOM,73,Model A,1988,340000
YISHUN,4 ROOM,84,Simplified,1987,370000
BEDOK,4 ROOM,92,New Generation,1979,433888
HOUGANG,4 ROOM,101,Model A,1998,380000
SENGKANG,4 ROOM,93,Model A,2012,435000
BUKIT PANJANG,4 ROOM,90,Premium Apartment,2002,403000
TOA PAYOH,4 ROOM,104,Model A,1989,510000
YISHUN,4 ROOM,84,Simplified,1988,290000
YISHUN,5 ROOM,122,Improved,1988,433000
SERANGOON,5 ROOM,121,Improved,1986,735000
BUKIT MERAH,3 ROOM,88,New Generation,1978,472000
PASIR RIS,4 ROOM,104,Model A,1996,390000
BUKIT MERAH,4 ROOM,84,Simplified,1986,483000
BEDOK,4 ROOM,92,New Generation,1980,420000
BEDOK,4 ROOM,84,Simplified,1987,369000
BUKIT PANJANG,5 ROOM,121,Improved,1998,472000
BEDOK,EXECUTIVE,148,Maisonette,1985,530000
JURONG WEST,3 ROOM,64,Simplified,1986,270000
BUKIT MERAH,5 ROOM,117,Improved,1977,690000
TAMPINES,4 ROOM,104,Model A,1988,445000
TOA PAYOH,3 ROOM,67,Improved,1970,360000
JURONG EAST,5 ROOM,121,Improved,1983,520000
TAMPINES,4 ROOM,104,Model A,1984,453000
YISHUN,EXECUTIVE,159,Apartment,1992,730000
JURONG WEST,5 ROOM,122,Improved,1998,480000
PASIR RIS,4 ROOM,103,Model A,1989,416800
BUKIT PANJANG,4 ROOM,84,Simplified,1988,310000
BUKIT MERAH,3 ROOM,63,Improved,1973,365000
BUKIT TIMAH,3 ROOM,73,Improved,1974,463000
YISHUN,4 ROOM,93,New Generation,1985,403000
JURONG WEST,4 ROOM,91,Model A,2000,430000
JURONG WEST,4 ROOM,106,Model A,1993,365000
BUKIT BATOK,3 ROOM,69,Improved,1988,312000
YISHUN,4 ROOM,97,Model A,2012,408000
SENGKANG,4 ROOM,90,Model A,2001,395000
SERANGOON,4 ROOM,94,New Generation,1984,488000
ANG MO KIO,3 ROOM,75,New Generation,1980,320000
BEDOK,4 ROOM,92,New Generation,1979,380000
CHOA CHU KANG,5 ROOM,110,Improved,2002,338000
YISHUN,5 ROOM,122,Improved,1988,455000
TAMPINES,4 ROOM,103,Model A,1984,478000
JURONG WEST,5 ROOM,123,Premium Apartment,1998,565000
BUKIT BATOK,4 ROOM,103,Model A,1985,406000
TOA PAYOH,3 ROOM,67,Improved,1970,310000
TOA PAYOH,EXECUTIVE,147,Apartment,1993,840000
BISHAN,3 ROOM,68,Improved,1973,320000
BUKIT PANJANG,4 ROOM,90,Premium Apartment,2004,530000
SENGKANG,EXECUTIVE,134,Premium Apartment,2001,599000
CHOA CHU KANG,3 ROOM,68,New Generation,1981,330000
SENGKANG,4 ROOM,85,Model A2,2001,445000
HOUGANG,EXECUTIVE,148,Maisonette,1987,625000
KALLANG/WHAMPOA,4 ROOM,90,Model A,2006,585000
BUKIT BATOK,4 ROOM,104,Model A,1985,425000
BUKIT BATOK,4 ROOM,107,Model A,1985,505000
WOODLANDS,5 ROOM,111,Improved,2001,450000
SENGKANG,4 ROOM,95,Model A,2013,438000
JURONG WEST,3 ROOM,67,New Generation,1983,308000
TAMPINES,5 ROOM,122,Improved,1988,578000
HOUGANG,4 ROOM,93,New Generation,1985,342000
YISHUN,4 ROOM,83,Simplified,1987,315000
ANG MO KIO,5 ROOM,125,Improved,1993,530000
YISHUN,5 ROOM,125,Improved,1993,533000
QUEENSTOWN,5 ROOM,110,Improved,2000,845000
KALLANG/WHAMPOA,4 ROOM,101,Model A,1997,600000
JURONG EAST,4 ROOM,91,Model A2,1998,430000
BEDOK,4 ROOM,92,New Generation,1978,450000
SENGKANG,5 ROOM,110,Premium Apartment,2006,520000
PUNGGOL,5 ROOM,110,Improved,2004,450000
KALLANG/WHAMPOA,3 ROOM,60,Standard,1969,345000
JURONG EAST,3 ROOM,67,New Generation,1983,280000
HOUGANG,4 ROOM,105,Model A,1990,446000
JURONG WEST,5 ROOM,110,Improved,2000,490000
TAMPINES,3 ROOM,74,Model A,1988,348000
KALLANG/WHAMPOA,3 ROOM,68,New Generation,1979,362000
CHOA CHU KANG,4 ROOM,109,Model A,1996,460000
KALLANG/WHAMPOA,3 ROOM,68,Improved,1979,408000
BUKIT MERAH,4 ROOM,100,Model A,2005,805000
TOA PAYOH,4 ROOM,76,Model A,2009,690000
SENGKANG,EXECUTIVE,134,Premium Apartment,2001,602000
YISHUN,4 ROOM,89,Simplified,1988,341888
YISHUN,5 ROOM,122,Improved,1988,455000
SENGKANG,4 ROOM,95,Premium Apartment,2012,468888
TOA PAYOH,4 ROOM,104,Model A,1989,525000
JURONG WEST,4 ROOM,91,Model A,2001,390000
JURONG WEST,4 ROOM,102,Model A,1997,485500
YISHUN,3 ROOM,74,Model A,1983,322000
CLEMENTI,3 ROOM,82,New Generation,1978,453888
BUKIT BATOK,3 ROOM,60,Improved,1988,263000
TAMPINES,4 ROOM,105,Model A,1985,420000
WOODLANDS,3 ROOM,73,New Generation,1980,315000
BUKIT MERAH,3 ROOM,53,Standard,1969,308000
TAMPINES,4 ROOM,104,Model A,1985,465000
TOA PAYOH,5 ROOM,120,Improved,1998,688000
TOA PAYOH,3 ROOM,57,Standard,1968,308000
TOA PAYOH,3 ROOM,61,Standard,1973,315000
TAMPINES,4 ROOM,104,Model A,1988,510000
CHOA CHU KANG,5 ROOM,116,Improved,1999,358888
PUNGGOL,5 ROOM,114,Premium Apartment,2004,488000
ANG MO KIO,5 ROOM,120,DBSS,2011,980000
PUNGGOL,4 ROOM,90,Model A,2003,492000
BEDOK,4 ROOM,84,Improved,1977,325888
SERANGOON,3 ROOM,60,Improved,1985,335000
QUEENSTOWN,3 ROOM,69,Model A,2012,410000
TAMPINES,5 ROOM,122,Improved,1988,580000
JURONG WEST,EXECUTIVE,130,Apartment,2000,622000
WOODLANDS,3 ROOM,60,Improved,1985,265000
YISHUN,5 ROOM,133,Improved,1986,490000
QUEENSTOWN,4 ROOM,84,Improved,1974,490000
MARINE PARADE,3 ROOM,70,Improved,1975,465000
YISHUN,5 ROOM,122,Improved,1987,385000
PASIR RIS,5 ROOM,126,Improved,1995,480000
TAMPINES,5 ROOM,109,DBSS,2008,680000
TAMPINES,3 ROOM,75,Model A,1983,380000
TAMPINES,5 ROOM,121,Improved,1985,540000
BUKIT MERAH,5 ROOM,120,Improved,1996,798000
HOUGANG,4 ROOM,84,Simplified,1987,430000
BEDOK,4 ROOM,95,New Generation,1981,365000
BEDOK,3 ROOM,68,New Generation,1979,358000
JURONG WEST,EXECUTIVE,139,Apartment,1997,618800
BUKIT PANJANG,5 ROOM,121,Improved,1999,540000
YISHUN,EXECUTIVE,146,Maisonette,1987,600000
BUKIT BATOK,5 ROOM,119,Improved,1997,625000
PUNGGOL,4 ROOM,90,Model A,2003,353000
BUKIT BATOK,4 ROOM,103,Model A,1998,470000
PUNGGOL,4 ROOM,94,Model A,2012,420000
YISHUN,4 ROOM,84,Simplified,1985,326000
BEDOK,3 ROOM,68,New Generation,1980,320000
ANG MO KIO,4 ROOM,98,New Generation,1979,457000
JURONG WEST,3 ROOM,65,Improved,1977,335000
BUKIT BATOK,3 ROOM,73,Model A,1986,293000
BUKIT PANJANG,4 ROOM,93,Premium Apartment,2004,435000
CLEMENTI,3 ROOM,68,New Generation,1980,283000
PASIR RIS,5 ROOM,128,Improved,1996,437000
YISHUN,3 ROOM,64,Simplified,1987,272000
JURONG WEST,5 ROOM,128,Improved,1996,485000
PUNGGOL,4 ROOM,93,Model A,2012,452000
BISHAN,4 ROOM,112,Model A,1992,480000
BEDOK,EXECUTIVE,147,Maisonette,1984,640000
PUNGGOL,5 ROOM,110,Improved,2003,430000
BISHAN,5 ROOM,121,Improved,1987,725000
SENGKANG,4 ROOM,96,Premium Apartment,2012,445000
BUKIT PANJANG,EXECUTIVE,130,Apartment,2001,600000
SERANGOON,3 ROOM,73,Improved,1983,400000
CHOA CHU KANG,4 ROOM,104,Model A,1989,360000
WOODLANDS,EXECUTIVE,141,Apartment,1999,580000
SENGKANG,4 ROOM,93,Model A,2013,430000
SENGKANG,4 ROOM,90,Premium Apartment,2009,542888
KALLANG/WHAMPOA,4 ROOM,91,Improved,1974,440000
SENGKANG,5 ROOM,121,Improved,1999,480000
PASIR RIS,5 ROOM,125,Improved,1996,535000
BUKIT MERAH,4 ROOM,74,Standard,1970,446888
CHOA CHU KANG,4 ROOM,104,Model A,1989,335000
BUKIT PANJANG,4 ROOM,101,Model A,1997,377500
JURONG WEST,3 ROOM,59,Improved,1978,240000
SENGKANG,EXECUTIVE,134,Premium Apartment,2001,650000
SEMBAWANG,EXECUTIVE,125,Apartment,2002,590000
YISHUN,4 ROOM,84,Simplified,1988,288000
WOODLANDS,4 ROOM,89,Simplified,1994,364000
PASIR RIS,4 ROOM,114,Model A,1989,395000
BUKIT MERAH,3 ROOM,88,Standard,1974,608000
JURONG WEST,EXECUTIVE,147,Apartment,1993,510000
SERANGOON,5 ROOM,120,Improved,1997,540000
CHOA CHU KANG,3 ROOM,73,Model A,1989,325000
BUKIT TIMAH,5 ROOM,128,Improved,1988,820000
PASIR RIS,4 ROOM,106,Model A,1993,425000
JURONG WEST,5 ROOM,122,Improved,1997,498000
GEYLANG,3 ROOM,58,Improved,1972,270000
YISHUN,MULTI-GENERATION,164,Multi Generation,1987,730000
JURONG WEST,5 ROOM,115,Premium Apartment,2001,505000
TAMPINES,5 ROOM,133,Model A,1984,586800
PUNGGOL,5 ROOM,114,Premium Apartment,2004,596000
CENTRAL AREA,3 ROOM,70,Improved,1977,525000
BEDOK,4 ROOM,92,Model A,2006,580000
CHOA CHU KANG,4 ROOM,106,Model A,1995,413000
BUKIT PANJANG,4 ROOM,90,Premium Apartment,2003,500000
PASIR RIS,5 ROOM,122,Improved,1993,420000
TOA PAYOH,4 ROOM,104,Model A,1988,465000
CHOA CHU KANG,5 ROOM,120,Improved,1999,520000
TOA PAYOH,3 ROOM,66,Improved,1970,270000
KALLANG/WHAMPOA,5 ROOM,107,DBSS,2011,948000
BEDOK,4 ROOM,88,Improved,1976,388000
SENGKANG,5 ROOM,111,Premium Apartment,2002,510000
TAMPINES,3 ROOM,73,Model A,1984,378888
JURONG WEST,5 ROOM,133,Model A,1985,477500
CLEMENTI,4 ROOM,91,New Generation,1979,570000
TOA PAYOH,5 ROOM,140,Model A,1984,721500
GEYLANG,3 ROOM,59,Improved,1977,290000
SENGKANG,4 ROOM,95,Model A,2000,475000
TOA PAYOH,4 ROOM,91,Model A,2009,585000
HOUGANG,5 ROOM,121,Improved,1987,498000
SEMBAWANG,4 ROOM,94,Model A,2010,390000
ANG MO KIO,5 ROOM,119,Improved,1979,622000
BUKIT MERAH,4 ROOM,85,Model A,2003,645000
TAMPINES,4 ROOM,104,Model A,1985,480000
TAMPINES,5 ROOM,128,Improved,1988,575000
BUKIT MERAH,3 ROOM,76,Improved,1975,350000
PASIR RIS,EXECUTIVE,143,Apartment,1996,645000
BUKIT PANJANG,EXECUTIVE,146,Maisonette,1989,598000
BEDOK,3 ROOM,67,New Generation,1979,361500
SENGKANG,5 ROOM,110,Improved,2002,515000
BEDOK,3 ROOM,68,New Generation,1979,310000
SENGKANG,4 ROOM,90,Model A,2005,375000
YISHUN,4 ROOM,84,Simplified,1987,358000
PASIR RIS,EXECUTIVE,146,Maisonette,1989,585000
SENGKANG,5 ROOM,113,Premium Apartment,2001,453888
JURONG WEST,EXECUTIVE,146,Apartment,1993,535000
SEMBAWANG,5 ROOM,111,Premium Apartment,2001,485000
JURONG WEST,4 ROOM,104,Model A,1989,320000
QUEENSTOWN,2 ROOM,46,Standard,1971,268000
YISHUN,3 ROOM,64,Simplified,1987,268000
SENGKANG,5 ROOM,110,Improved,2002,370000
SEMBAWANG,5 ROOM,110,Improved,2001,498000
CLEMENTI,5 ROOM,113,Improved,2013,900000
WOODLANDS,3 ROOM,67,New Generation,1985,308000
PUNGGOL,EXECUTIVE,130,Premium Apartment,2003,558000
SENGKANG,4 ROOM,90,Premium Apartment,2009,545000
JURONG WEST,5 ROOM,113,Premium Apartment,2003,502000
CHOA CHU KANG,5 ROOM,126,Premium Apartment,1999,493000
BUKIT MERAH,4 ROOM,90,Model A,2009,700000
CHOA CHU KANG,4 ROOM,104,Model A,1989,345000
YISHUN,4 ROOM,104,Model A,1988,370000
YISHUN,4 ROOM,104,Model A,1987,398000
YISHUN,4 ROOM,89,Simplified,1987,392000
BEDOK,4 ROOM,92,New Generation,1979,400000
ANG MO KIO,4 ROOM,91,New Generation,1980,410000
PUNGGOL,4 ROOM,90,Model A,2004,493000
QUEENSTOWN,3 ROOM,65,Improved,1975,453000
SEMBAWANG,5 ROOM,110,Improved,2001,425000
CENTRAL AREA,5 ROOM,107,Type S2,2011,991000
YISHUN,3 ROOM,64,Simplified,1987,308000
HOUGANG,5 ROOM,130,Improved,1987,556000
JURONG WEST,5 ROOM,145,Model A-Maisonette,1984,480000
MARINE PARADE,3 ROOM,65,Improved,1975,418000
TOA PAYOH,4 ROOM,87,Improved,1973,302000
TOA PAYOH,3 ROOM,65,Improved,1968,376500
WOODLANDS,3 ROOM,65,Improved,1976,250000
BEDOK,5 ROOM,121,Improved,1981,495000
SENGKANG,4 ROOM,95,Model A,2000,464000
TOA PAYOH,3 ROOM,65,Improved,1972,379000
HOUGANG,EXECUTIVE,149,Maisonette,1984,608000
BUKIT BATOK,3 ROOM,67,New Generation,1985,275000
WOODLANDS,4 ROOM,100,Model A,1997,362000
GEYLANG,3 ROOM,61,Standard,1969,258000
TAMPINES,3 ROOM,73,Model A,1984,373500
QUEENSTOWN,3 ROOM,65,Standard,1971,335000
JURONG EAST,4 ROOM,99,New Generation,1981,380000
ANG MO KIO,3 ROOM,73,New Generation,1978,372000
WOODLANDS,3 ROOM,65,Improved,1974,298000
GEYLANG,4 ROOM,91,New Generation,1980,398000
JURONG WEST,4 ROOM,91,Model A,2000,481000
CLEMENTI,3 ROOM,74,Model A,1983,330000
QUEENSTOWN,3 ROOM,65,Improved,1978,369000
BUKIT MERAH,3 ROOM,88,New Generation,1976,485000
ANG MO KIO,3 ROOM,68,New Generation,1981,342000
CHOA CHU KANG,4 ROOM,101,Model A,1999,420000
BEDOK,3 ROOM,63,Simplified,1988,315000
WOODLANDS,EXECUTIVE,176,Apartment,1994,630000
SEMBAWANG,4 ROOM,90,Model A,2001,312000
ANG MO KIO,3 ROOM,67,New Generation,1980,285000
BISHAN,4 ROOM,104,Model A,1992,608000
QUEENSTOWN,3 ROOM,65,Improved,1976,400000
JURONG WEST,5 ROOM,110,Improved,2001,500000
CHOA CHU KANG,5 ROOM,125,Premium Apartment,1999,450000
SEMBAWANG,4 ROOM,86,Model A2,2001,320000
TOA PAYOH,3 ROOM,63,Standard,1983,330800
WOODLANDS,4 ROOM,84,Simplified,1996,323000
BUKIT BATOK,4 ROOM,90,Model A,2005,495000
BUKIT PANJANG,4 ROOM,103,Model A,1988,320000
YISHUN,4 ROOM,92,Model A,2012,405000
SEMBAWANG,5 ROOM,111,Improved,2004,460000
TAMPINES,3 ROOM,74,Model A,1987,315000
JURONG EAST,3 ROOM,83,New Generation,1989,385000
TAMPINES,4 ROOM,106,Model A,1984,446000
BEDOK,3 ROOM,65,Improved,1976,296500
BUKIT PANJANG,4 ROOM,103,Model A,1998,413000
YISHUN,3 ROOM,64,Simplified,1987,315000
JURONG WEST,EXECUTIVE,146,Maisonette,1989,580000
WOODLANDS,4 ROOM,100,Model A,1998,378000
BEDOK,5 ROOM,121,Improved,1998,498000
JURONG WEST,4 ROOM,104,Model A,1990,330000
JURONG WEST,3 ROOM,59,Improved,1975,286000
TOA PAYOH,4 ROOM,104,Model A,1998,552000
WOODLANDS,4 ROOM,93,Premium Apartment,2003,405000
PASIR RIS,4 ROOM,104,Model A,1995,415000
BEDOK,3 ROOM,67,New Generation,1979,308000
BEDOK,4 ROOM,84,Improved,1977,420000
SEMBAWANG,4 ROOM,90,Model A,2004,410000
YISHUN,4 ROOM,84,Simplified,1986,405000
SENGKANG,5 ROOM,112,Premium Apartment,2003,408000
WOODLANDS,EXECUTIVE,170,Apartment,1995,700000
ANG MO KIO,2 ROOM,44,Improved,1977,267000
TOA PAYOH,3 ROOM,67,Improved,1969,346000
HOUGANG,4 ROOM,111,Model A,1985,430000
JURONG WEST,4 ROOM,104,Model A,1985,390000
CHOA CHU KANG,EXECUTIVE,152,Apartment,1995,608000
ANG MO KIO,3 ROOM,67,New Generation,1979,314888
JURONG EAST,3 ROOM,77,Improved,1977,295000
KALLANG/WHAMPOA,5 ROOM,123,Improved,1996,688000
BUKIT BATOK,5 ROOM,121,Improved,1998,518888
KALLANG/WHAMPOA,3 ROOM,64,Simplified,1987,365000
GEYLANG,4 ROOM,91,New Generation,1980,380000
SEMBAWANG,5 ROOM,115,Improved,1999,463000
ANG MO KIO,5 ROOM,110,Improved,2002,745000
SERANGOON,4 ROOM,84,Simplified,1987,510000
BUKIT MERAH,4 ROOM,85,Model A,2009,600000
TAMPINES,5 ROOM,122,Improved,1987,560000
PASIR RIS,4 ROOM,106,Model A,1989,445000
KALLANG/WHAMPOA,4 ROOM,88.1,Improved,1974,550000
YISHUN,4 ROOM,84,Simplified,1985,362000
YISHUN,4 ROOM,105,Model A,1989,335000
WOODLANDS,5 ROOM,117,Improved,1997,468000
PUNGGOL,5 ROOM,111,Premium Apartment,2003,532000
WOODLANDS,5 ROOM,111,Improved,2001,398888
TAMPINES,4 ROOM,108,Model A,1986,415000
BUKIT BATOK,3 ROOM,70,Simplified,1986,325000
ANG MO KIO,4 ROOM,98,New Generation,1978,510000
TAMPINES,EXECUTIVE,146,Maisonette,1996,650000
BUKIT MERAH,5 ROOM,110,Improved,2003,820000
TAMPINES,4 ROOM,104,Model A,1984,480000
KALLANG/WHAMPOA,4 ROOM,90,Model A,2006,625000
PASIR RIS,4 ROOM,103,Model A,1989,486000
WOODLANDS,5 ROOM,125,Improved,1996,480000
PUNGGOL,4 ROOM,97,Premium Apartment,2012,535000
ANG MO KIO,3 ROOM,67,New Generation,1979,325000
BUKIT PANJANG,4 ROOM,90,Model A2,2002,390000
PUNGGOL,EXECUTIVE,128,Premium Apartment,2004,650888
BUKIT MERAH,5 ROOM,115,Improved,2005,815000
YISHUN,3 ROOM,67,New Generation,1986,308000
WOODLANDS,3 ROOM,68,New Generation,1995,348000
TAMPINES,4 ROOM,91,New Generation,1984,473000
PUNGGOL,4 ROOM,90,Premium Apartment,2007,535000
BEDOK,3 ROOM,68,New Generation,1980,305000
BUKIT BATOK,4 ROOM,104,Model A,1985,415000
PUNGGOL,5 ROOM,110,Improved,2004,580000
HOUGANG,EXECUTIVE,141,Apartment,2000,756000
JURONG WEST,4 ROOM,86,Model A2,2002,350000
YISHUN,4 ROOM,84,Simplified,1987,325000
BUKIT PANJANG,EXECUTIVE,125,Premium Apartment,2002,528000
HOUGANG,EXECUTIVE,148,Maisonette,1992,670000
HOUGANG,4 ROOM,104,Model A,1992,460000
TAMPINES,4 ROOM,84,Simplified,1988,430000
CLEMENTI,3 ROOM,68,New Generation,1980,402000
MARINE PARADE,4 ROOM,82,Improved,1975,460000
KALLANG/WHAMPOA,3 ROOM,59,Improved,1976,334000
PUNGGOL,5 ROOM,110,Improved,2003,510000
PASIR RIS,5 ROOM,123,Improved,1993,500000
HOUGANG,EXECUTIVE,148,Maisonette,1991,630000
HOUGANG,4 ROOM,92,New Generation,1985,350000
TAMPINES,4 ROOM,107,Model A,1996,445000
HOUGANG,5 ROOM,121,Improved,1999,555000
KALLANG/WHAMPOA,5 ROOM,109,DBSS,2011,920000
WOODLANDS,4 ROOM,100,Model A,1997,403000
BISHAN,4 ROOM,104,Model A,1992,580000
TAMPINES,4 ROOM,104,Model A,1993,540000
QUEENSTOWN,3 ROOM,65,Improved,1975,450000
PUNGGOL,EXECUTIVE,129,Premium Apartment,2003,616888
BUKIT BATOK,4 ROOM,104,Model A,1985,450000
TAMPINES,4 ROOM,103,Model A,1997,490000
TOA PAYOH,2 ROOM,40,Standard,1968,215000
MARINE PARADE,4 ROOM,87,Improved,1976,568000
YISHUN,3 ROOM,67,New Generation,1985,290000
TOA PAYOH,4 ROOM,103,Model A,1997,667800
BISHAN,4 ROOM,83,Simplified,1987,490000
JURONG WEST,4 ROOM,85,Model A2,2000,408000
HOUGANG,5 ROOM,116,Improved,1999,495000
PUNGGOL,5 ROOM,112,Premium Apartment,2013,470000
TAMPINES,4 ROOM,104,Model A,1989,481500
BUKIT PANJANG,EXECUTIVE,130,Apartment,2002,733888
CLEMENTI,3 ROOM,61,Model A,2003,398000
HOUGANG,4 ROOM,103,Model A,1990,470000
JURONG WEST,3 ROOM,74,Model A,1986,340000
SENGKANG,4 ROOM,86,Model A2,2001,440000
HOUGANG,5 ROOM,122,Improved,1998,455000
BEDOK,3 ROOM,67,New Generation,1982,267000
TOA PAYOH,2 ROOM,50,Standard,1983,290000
JURONG EAST,5 ROOM,120,Improved,1998,590000
SEMBAWANG,4 ROOM,95,Premium Apartment,2001,410000
PASIR RIS,5 ROOM,123,Improved,1996,570000
CENTRAL AREA,4 ROOM,96,Type S1,2011,850000
JURONG EAST,EXECUTIVE,149,Maisonette,1985,640000
HOUGANG,4 ROOM,84,Simplified,1986,367500
SENGKANG,5 ROOM,110,Improved,2001,556000
BUKIT PANJANG,4 ROOM,101,Model A,1999,330000
CHOA CHU KANG,4 ROOM,104,Model A,1992,380000
BISHAN,4 ROOM,84,Simplified,1988,520000
ANG MO KIO,4 ROOM,92,New Generation,1978,423000
MARINE PARADE,3 ROOM,65,Improved,1976,430000
BEDOK,4 ROOM,84,Improved,1977,435000
YISHUN,4 ROOM,84,Simplified,1987,310000
WOODLANDS,4 ROOM,105,Premium Apartment,1999,451000
WOODLANDS,3 ROOM,65,Improved,1976,275000
SEMBAWANG,4 ROOM,90,Model A,2004,340000
TAMPINES,4 ROOM,104,Model A,1988,415000
SEMBAWANG,4 ROOM,102,Premium Apartment,2001,330000
WOODLANDS,5 ROOM,124,Improved,1996,370000
BEDOK,4 ROOM,90,Improved,1977,358000
WOODLANDS,4 ROOM,91,New Generation,1986,373000
PUNGGOL,4 ROOM,93,Premium Apartment,2011,483000
TAMPINES,5 ROOM,129,Improved,1995,580000
BUKIT PANJANG,EXECUTIVE,130,Premium Apartment,2001,580000
BUKIT MERAH,4 ROOM,100,Model A,2007,765000
TOA PAYOH,5 ROOM,110,Improved,2002,830000
JURONG WEST,5 ROOM,121,Improved,1997,503000
BUKIT MERAH,4 ROOM,84,Simplified,1986,495000
WOODLANDS,EXECUTIVE,176,Apartment,1995,715000
JURONG WEST,4 ROOM,103,Model A,1997,406500
QUEENSTOWN,3 ROOM,84,Terrace,1968,888888.88
TOA PAYOH,4 ROOM,81,Improved,1973,420000
SEMBAWANG,5 ROOM,110,Improved,2001,468000
ANG MO KIO,4 ROOM,93,New Generation,1981,425000
BEDOK,3 ROOM,82,New Generation,1985,373000
CENTRAL AREA,3 ROOM,67,New Generation,1984,485000
WOODLANDS,4 ROOM,100,Model A,1997,380000
CENTRAL AREA,3 ROOM,70,Improved,1984,510000
WOODLANDS,5 ROOM,123,Standard,1976,388000
BISHAN,4 ROOM,103,Model A,1992,580000
HOUGANG,5 ROOM,142,Model A-Maisonette,1984,686000
QUEENSTOWN,3 ROOM,65,Improved,1976,328000
BUKIT TIMAH,4 ROOM,104,Model A,1988,700000
PUNGGOL,5 ROOM,110,Improved,2003,440000
BUKIT MERAH,3 ROOM,60,Model A,2002,445000
SERANGOON,5 ROOM,120,Improved,1997,560000
PASIR RIS,EXECUTIVE,147,Apartment,1993,512000
YISHUN,4 ROOM,83,Simplified,1987,365000
PASIR RIS,5 ROOM,128,Improved,1996,455000
GEYLANG,3 ROOM,59,Improved,1977,301000
JURONG WEST,3 ROOM,74,Model A,1984,402000
HOUGANG,EXECUTIVE,149,Maisonette,1990,680000
KALLANG/WHAMPOA,3 ROOM,65,Improved,1974,306000
TAMPINES,3 ROOM,73,Model A,1984,378000
TAMPINES,4 ROOM,105,Model A,1993,415000
PUNGGOL,5 ROOM,114,Premium Apartment,2004,565000
TAMPINES,4 ROOM,102,Model A,1984,410000
BEDOK,EXECUTIVE,143,Maisonette,1987,600000
WOODLANDS,4 ROOM,102,Model A,1999,414000
BEDOK,4 ROOM,111,Model A,1984,438888
BEDOK,4 ROOM,91,New Generation,1978,458000
JURONG WEST,4 ROOM,90,Model A,2002,355000
YISHUN,4 ROOM,103,Model A,1987,400000
ANG MO KIO,4 ROOM,91,New Generation,1980,428000
JURONG WEST,5 ROOM,110,Premium Apartment,2008,495000
PASIR RIS,5 ROOM,128,Improved,1996,540000
TOA PAYOH,3 ROOM,76,Improved,1982,355000
JURONG WEST,5 ROOM,134,Model A,1985,505000
CHOA CHU KANG,5 ROOM,117,Improved,1999,450000
CENTRAL AREA,4 ROOM,95,Type S1,2011,885000
ANG MO KIO,3 ROOM,67,New Generation,1979,328000
BUKIT BATOK,EXECUTIVE,152,Maisonette,1986,728000
WOODLANDS,5 ROOM,110,Improved,2001,405000
BEDOK,3 ROOM,59,Improved,1978,267000
SENGKANG,4 ROOM,95,Premium Apartment,2004,418000
TOA PAYOH,3 ROOM,74,Model A,1984,410000
WOODLANDS,5 ROOM,126,Premium Apartment,2000,498088
HOUGANG,4 ROOM,98,Model A,1997,425000
TAMPINES,4 ROOM,89,Simplified,1986,442000
BEDOK,4 ROOM,97,New Generation,1982,420000
TAMPINES,4 ROOM,104,Model A,1989,410000
TAMPINES,EXECUTIVE,146,Maisonette,1988,696000
BEDOK,4 ROOM,92,Model A,2006,583000
TAMPINES,3 ROOM,67,New Generation,1985,320000
SEMBAWANG,5 ROOM,118,Premium Apartment,2001,420000
HOUGANG,4 ROOM,106,Model A,1992,475000
HOUGANG,4 ROOM,84,Simplified,1987,350000
PUNGGOL,4 ROOM,93,Premium Apartment,2005,450000
SERANGOON,3 ROOM,60,Improved,1985,323000
SENGKANG,EXECUTIVE,131,Apartment,2000,608000
SERANGOON,3 ROOM,71,New Generation,1985,380000
TOA PAYOH,4 ROOM,82,Improved,1976,403000
TOA PAYOH,3 ROOM,65,Improved,1972,306000
BUKIT TIMAH,3 ROOM,64,Simplified,1989,430000
SENGKANG,EXECUTIVE,134,Premium Apartment,2001,588888
BEDOK,4 ROOM,91,New Generation,1978,446000
CHOA CHU KANG,4 ROOM,104,Model A,1995,330000
CLEMENTI,5 ROOM,110,Improved,2002,838000
SENGKANG,5 ROOM,116,Improved,1999,505000
SERANGOON,4 ROOM,83,Simplified,1987,330000
WOODLANDS,5 ROOM,121,Improved,2000,440000
BUKIT BATOK,4 ROOM,89,Simplified,1988,350000
CHOA CHU KANG,4 ROOM,90,Model A,2002,363000
WOODLANDS,4 ROOM,100,Model A,1996,390000
SERANGOON,3 ROOM,64,Improved,1978,330000
GEYLANG,4 ROOM,102,Model A,1998,678000
BUKIT MERAH,5 ROOM,110,Improved,2003,875000
YISHUN,4 ROOM,98,New Generation,1985,465000
JURONG WEST,5 ROOM,110,Premium Apartment,2008,475000
HOUGANG,4 ROOM,95,New Generation,1984,413000
JURONG EAST,3 ROOM,74,Model A,1986,350000
YISHUN,4 ROOM,84,Simplified,1987,350000
YISHUN,4 ROOM,104,Model A,1988,383000
JURONG WEST,4 ROOM,108,Model A,1988,360000
CHOA CHU KANG,5 ROOM,110,Improved,2002,395000
PASIR RIS,EXECUTIVE,147,Apartment,1995,640000
SENGKANG,EXECUTIVE,127,Apartment,2002,550000
GEYLANG,3 ROOM,66,Improved,1982,298000
SENGKANG,5 ROOM,110,Improved,2000,549000
SENGKANG,5 ROOM,110,Improved,2001,505000
KALLANG/WHAMPOA,4 ROOM,100,Model A,1998,600000
PUNGGOL,5 ROOM,112,Premium Apartment,2005,530000
WOODLANDS,5 ROOM,121,Improved,1998,420000
TAMPINES,5 ROOM,121,Improved,1984,605000
SERANGOON,5 ROOM,140,Adjoined flat,1985,518000
TAMPINES,EXECUTIVE,148,Apartment,1995,670000
CLEMENTI,5 ROOM,113,Improved,2013,880000
YISHUN,3 ROOM,67,New Generation,1985,315000
WOODLANDS,4 ROOM,91,Model A2,1997,307000
BUKIT MERAH,4 ROOM,103,Model A,1985,590000
HOUGANG,4 ROOM,103,Model A,1992,480000
JURONG WEST,4 ROOM,90,Model A,2002,403000
BUKIT MERAH,5 ROOM,117,Improved,1977,660000
BUKIT PANJANG,3 ROOM,73,Model A,1988,282000
TAMPINES,5 ROOM,122,Improved,1988,568888
TAMPINES,3 ROOM,74,Model A,1984,320000
TAMPINES,4 ROOM,94,DBSS,2011,615000
TAMPINES,3 ROOM,69,Improved,1985,350000
SERANGOON,5 ROOM,122,Improved,1992,480000
BEDOK,3 ROOM,80,Model A,1984,340000
BUKIT BATOK,5 ROOM,118,Improved,2005,498000
TAMPINES,EXECUTIVE,150,Apartment,1993,677500
YISHUN,3 ROOM,74,Model A,1987,305000
JURONG WEST,5 ROOM,110,Improved,2002,465000
SEMBAWANG,4 ROOM,90,Model A,2004,380000
JURONG WEST,5 ROOM,110,Improved,2002,462000
BEDOK,3 ROOM,68,New Generation,1979,388000
TAMPINES,4 ROOM,107,Model A,1996,400000
JURONG EAST,4 ROOM,83,Simplified,1987,315000
TAMPINES,3 ROOM,79,Model A,1982,325000
SERANGOON,3 ROOM,67,New Generation,1984,319000
BUKIT BATOK,4 ROOM,104,Model A,1983,463888
SENGKANG,5 ROOM,122,Improved,1999,578000
SERANGOON,4 ROOM,92,New Generation,1985,388000
SENGKANG,5 ROOM,110,Improved,2001,495000
TAMPINES,3 ROOM,74,Model A,1985,360000
JURONG WEST,3 ROOM,64,Simplified,1986,305000
PUNGGOL,5 ROOM,114,Premium Apartment,2004,600000
BUKIT MERAH,4 ROOM,90,Model A,2003,674000
KALLANG/WHAMPOA,4 ROOM,90,Model A,2006,648000
YISHUN,4 ROOM,93,New Generation,1985,350000
JURONG WEST,4 ROOM,94,Premium Apartment,2003,336000
SERANGOON,5 ROOM,121,Improved,1986,455000
JURONG EAST,4 ROOM,105,Model A,1984,453000
BUKIT MERAH,3 ROOM,64,Improved,1983,325000
BUKIT PANJANG,4 ROOM,103,Model A,1998,400000
SEMBAWANG,4 ROOM,93,Model A,2002,431000
BEDOK,3 ROOM,82,New Generation,1979,365000
SENGKANG,5 ROOM,110,Improved,2001,527000
QUEENSTOWN,5 ROOM,117,Standard,1978,845000
BUKIT BATOK,3 ROOM,68,New Generation,1985,265000
ANG MO KIO,3 ROOM,67,New Generation,1978,328000
JURONG WEST,5 ROOM,110,Improved,2001,550000
WOODLANDS,3 ROOM,65,Improved,1974,298000
QUEENSTOWN,3 ROOM,65,Improved,1978,333000
QUEENSTOWN,5 ROOM,117,Standard,1978,900000
BEDOK,3 ROOM,68,New Generation,1980,299000
JURONG WEST,3 ROOM,66,Improved,1974,305000
BUKIT PANJANG,EXECUTIVE,142,Apartment,1988,582000
PASIR RIS,EXECUTIVE,144,Apartment,1992,690000
SERANGOON,EXECUTIVE,149,Maisonette,1992,688000
BUKIT PANJANG,4 ROOM,90,Premium Apartment,2003,320000
HOUGANG,EXECUTIVE,153,Maisonette,1986,750000
BUKIT BATOK,4 ROOM,105,Model A,1989,415000
TAMPINES,4 ROOM,104,Model A,1993,416000
CHOA CHU KANG,5 ROOM,128,Improved,1995,425000
GEYLANG,4 ROOM,91,New Generation,1980,380000
TOA PAYOH,3 ROOM,65,Improved,1973,323000
SERANGOON,3 ROOM,60,Improved,1985,253000
TAMPINES,4 ROOM,104,Model A,1988,438000
BUKIT PANJANG,4 ROOM,103,Model A,1989,350000
YISHUN,EXECUTIVE,145,Maisonette,1987,645000
PASIR RIS,4 ROOM,106,Model A,1992,405088
JURONG WEST,3 ROOM,61,Improved,1974,233000
ANG MO KIO,3 ROOM,67,New Generation,1984,310000
BUKIT PANJANG,4 ROOM,90,Premium Apartment,2002,334000
TAMPINES,5 ROOM,124,Improved,1993,473000
YISHUN,5 ROOM,122,Improved,1988,440000
BUKIT PANJANG,EXECUTIVE,144,Apartment,1998,643000
PUNGGOL,4 ROOM,90,Premium Apartment,2007,498000
YISHUN,EXECUTIVE,146,Maisonette,1988,585000
BEDOK,EXECUTIVE,145,Apartment,1993,735000
BUKIT PANJANG,5 ROOM,120,Improved,1997,429000
WOODLANDS,4 ROOM,91,New Generation,1980,282000
TAMPINES,4 ROOM,104,Model A,1988,460000
WOODLANDS,4 ROOM,103,Model A,1998,365000
JURONG WEST,5 ROOM,126,Improved,1993,490000
JURONG EAST,3 ROOM,74,Model A,1983,300000
BEDOK,3 ROOM,59,Improved,1978,262000
SENGKANG,4 ROOM,101,Model A,1999,453000
KALLANG/WHAMPOA,3 ROOM,56,Standard,1970,275000
JURONG WEST,4 ROOM,94,Model A,2010,440000
KALLANG/WHAMPOA,4 ROOM,107,Model A,1996,610000
TOA PAYOH,3 ROOM,65,Improved,1976,293000
BUKIT BATOK,4 ROOM,99,New Generation,1988,372000
WOODLANDS,4 ROOM,102,Model A,1998,405000
ANG MO KIO,4 ROOM,91,New Generation,1980,470000
CENTRAL AREA,3 ROOM,60,Improved,1980,485000
JURONG WEST,5 ROOM,115,Improved,2000,600000
JURONG WEST,3 ROOM,65,Improved,1976,300000
CHOA CHU KANG,5 ROOM,110,Improved,2003,385000
JURONG EAST,3 ROOM,82,New Generation,1983,338000
YISHUN,3 ROOM,68,Improved,1985,308000
BEDOK,3 ROOM,65,Improved,1974,350000
TAMPINES,5 ROOM,121,Improved,1985,528000
BUKIT BATOK,4 ROOM,103,Model A,1997,430000
JURONG WEST,5 ROOM,110,Improved,2002,470000
JURONG WEST,5 ROOM,120,Improved,1998,488000
CHOA CHU KANG,5 ROOM,127,Improved,1996,505000
HOUGANG,5 ROOM,120,Improved,1998,420000
CLEMENTI,3 ROOM,67,New Generation,1980,400000
JURONG WEST,5 ROOM,139,Model A-Maisonette,1985,515000
TAMPINES,4 ROOM,108,Model A,1986,448000
TOA PAYOH,4 ROOM,102,Model A,1997,640000
TAMPINES,3 ROOM,74,Model A,1986,386000
CLEMENTI,4 ROOM,97,New Generation,1978,500000
TOA PAYOH,3 ROOM,65,Improved,1972,320000
SENGKANG,4 ROOM,93,Model A,2013,390000
BEDOK,3 ROOM,65,Improved,1977,310000
SENGKANG,4 ROOM,101,Model A,1999,440000
WOODLANDS,5 ROOM,114,Premium Apartment,2003,460000
WOODLANDS,4 ROOM,104,Premium Apartment,2000,447000
BUKIT BATOK,EXECUTIVE,144,Apartment,1997,800000
YISHUN,3 ROOM,67,New Generation,1985,367000
CLEMENTI,3 ROOM,67,New Generation,1979,373000
KALLANG/WHAMPOA,4 ROOM,104,Model A,1985,505000
JURONG WEST,4 ROOM,91,Model A,2000,450000
BUKIT MERAH,3 ROOM,53,Standard,1969,280000
JURONG WEST,4 ROOM,109,Model A,1995,442000
BUKIT BATOK,5 ROOM,117,Improved,1997,715000
PUNGGOL,4 ROOM,92,Model A,2012,405000
WOODLANDS,3 ROOM,87,New Generation,1977,333000
SENGKANG,EXECUTIVE,140,Apartment,1999,633000
BUKIT MERAH,4 ROOM,107,Model A,1997,590000
YISHUN,4 ROOM,104,Model A,1987,370000
WOODLANDS,4 ROOM,104,Premium Apartment,2000,450000
WOODLANDS,EXECUTIVE,144,Maisonette,1998,672000
SENGKANG,4 ROOM,90,Model A,2001,453000
ANG MO KIO,3 ROOM,88,New Generation,1977,370000
BEDOK,4 ROOM,91,New Generation,1981,350000
SENGKANG,4 ROOM,101,Model A,1999,461000
JURONG WEST,3 ROOM,67,New Generation,1985,330000
JURONG WEST,3 ROOM,73,Model A,1989,342000
BEDOK,2 ROOM,45,Improved,1986,246000
KALLANG/WHAMPOA,3 ROOM,68,Improved,1972,350000
TAMPINES,4 ROOM,104,Model A,1997,480000
BUKIT BATOK,4 ROOM,103,Model A,1987,350000
JURONG EAST,4 ROOM,90,Model A2,1998,470000
SENGKANG,4 ROOM,90,Premium Apartment,2009,610000
JURONG WEST,4 ROOM,94,Premium Apartment,2000,479988
WOODLANDS,5 ROOM,121,Improved,1999,475000
JURONG EAST,3 ROOM,70,New Generation,1983,295000
JURONG EAST,4 ROOM,95,New Generation,1983,431000
JURONG WEST,4 ROOM,91,Model A,2001,435000
TAMPINES,4 ROOM,108,Model A,1995,461000
BUKIT PANJANG,5 ROOM,110,Improved,2002,511000
SEMBAWANG,4 ROOM,94,Model A,2010,365000
ANG MO KIO,3 ROOM,68,New Generation,1981,307000
WOODLANDS,5 ROOM,123,Premium Apartment,1999,453000
HOUGANG,3 ROOM,67,New Generation,1981,362000
BUKIT PANJANG,3 ROOM,68,Premium Apartment,2012,310000
ANG MO KIO,4 ROOM,95,Model A,2001,615000
BUKIT PANJANG,4 ROOM,91,Premium Apartment,2001,360000
YISHUN,4 ROOM,103,Model A,1987,466000
BEDOK,3 ROOM,68,New Generation,1980,335000
JURONG WEST,5 ROOM,111,Improved,2001,360000
JURONG WEST,4 ROOM,104,Model A,1989,415000
SENGKANG,4 ROOM,90,Model A,2003,355000
BEDOK,4 ROOM,85,Model A,2005,595000
TOA PAYOH,5 ROOM,134,Model A,1993,735000
CLEMENTI,4 ROOM,90,New Generation,1978,520000
HOUGANG,4 ROOM,101,Model A,1998,390000
SENGKANG,5 ROOM,110,Improved,2000,491000
YISHUN,3 ROOM,67,New Generation,1985,320000
BUKIT MERAH,4 ROOM,89,Simplified,1986,500000
BISHAN,5 ROOM,133,Model A,1992,645000
YISHUN,4 ROOM,84,Simplified,1985,351000
YISHUN,4 ROOM,83,Simplified,1987,320000
PUNGGOL,4 ROOM,90,Model A,2002,460000
BUKIT MERAH,4 ROOM,89,Model A,2013,735000
TOA PAYOH,4 ROOM,102,Model A,1997,625000
JURONG WEST,5 ROOM,135,Model A,1985,440000
WOODLANDS,5 ROOM,122,Improved,1988,438000
JURONG WEST,5 ROOM,120,Improved,1998,520000
YISHUN,5 ROOM,122,Improved,1987,476000
HOUGANG,4 ROOM,106,Model A,1992,445000
ANG MO KIO,3 ROOM,67,New Generation,1985,335000
YISHUN,4 ROOM,104,Model A,1987,448000
BEDOK,3 ROOM,60,Improved,1986,310000
JURONG WEST,4 ROOM,107,Model A,1993,342000
BUKIT BATOK,4 ROOM,104,Model A,1985,417888
YISHUN,4 ROOM,108,Model A,1987,472000
BUKIT PANJANG,4 ROOM,90,Model A2,2002,376000
BEDOK,4 ROOM,105,Model A,1985,542800
BEDOK,5 ROOM,123,Improved,1993,655000
BUKIT BATOK,4 ROOM,103,Model A,1998,440000
YISHUN,4 ROOM,104,Model A,1988,475000
GEYLANG,3 ROOM,77,Model A,1983,340000
WOODLANDS,5 ROOM,119,Improved,1997,435000
GEYLANG,3 ROOM,64,Simplified,1985,305000
PASIR RIS,4 ROOM,104,Model A,1993,428000
ANG MO KIO,3 ROOM,68,New Generation,1981,338000
TAMPINES,4 ROOM,103,Model A,1989,495000
QUEENSTOWN,4 ROOM,92,Model A,2003,623000
CLEMENTI,4 ROOM,86,Model A,2002,565000
PUNGGOL,4 ROOM,92,Premium Apartment,2012,500000
TOA PAYOH,3 ROOM,66,Improved,1981,305000
MARINE PARADE,5 ROOM,120,Standard,1977,830000
BEDOK,4 ROOM,91,New Generation,1978,479000
BUKIT PANJANG,4 ROOM,103,Model A,1998,416000
WOODLANDS,3 ROOM,73,Model A,1990,291500
BUKIT MERAH,4 ROOM,100,Model A,2001,770000
JURONG WEST,4 ROOM,106,Premium Apartment,1998,500000
CHOA CHU KANG,5 ROOM,123,Premium Apartment,2000,370000
JURONG WEST,4 ROOM,93,Premium Apartment,2006,428000
HOUGANG,4 ROOM,108,Model A,1984,438000
PASIR RIS,5 ROOM,126,Improved,1996,560000
TAMPINES,5 ROOM,132,Model A,1995,625000
TOA PAYOH,4 ROOM,93,New Generation,1984,380000
SEMBAWANG,5 ROOM,110,Improved,2004,451000
JURONG WEST,4 ROOM,103,Model A,1985,423000
SENGKANG,5 ROOM,110,Improved,2001,462000
PASIR RIS,4 ROOM,103,Model A,1989,410000
CLEMENTI,3 ROOM,67,New Generation,1979,352888
WOODLANDS,2 ROOM,45,Improved,1984,270000
GEYLANG,3 ROOM,64,Simplified,1985,335000
JURONG WEST,4 ROOM,103,Model A,1985,405000
JURONG WEST,4 ROOM,104,Model A,1988,340000
BUKIT PANJANG,EXECUTIVE,143,Maisonette,1999,678000
QUEENSTOWN,3 ROOM,73,Improved,1975,436000
TAMPINES,4 ROOM,93,New Generation,1986,439000
JURONG WEST,5 ROOM,110,Premium Apartment,2008,488000
YISHUN,3 ROOM,64,Simplified,1988,295000
SENGKANG,4 ROOM,102,Model A,1999,401000
YISHUN,4 ROOM,104,Model A,1988,350000
JURONG EAST,EXECUTIVE,143,Apartment,1998,757000
YISHUN,4 ROOM,84,Simplified,1986,320000
JURONG WEST,5 ROOM,121,Improved,1989,435000
BEDOK,5 ROOM,122,Improved,1993,555000
JURONG WEST,4 ROOM,90,Model A,2001,365000
SEMBAWANG,4 ROOM,90,Model A,2004,327000
KALLANG/WHAMPOA,5 ROOM,132,Improved,1986,777000
PUNGGOL,EXECUTIVE,130,Premium Apartment,2003,570000
JURONG WEST,5 ROOM,110,Premium Apartment,2000,460000
WOODLANDS,4 ROOM,102,Model A,1997,321000
SENGKANG,4 ROOM,93,Premium Apartment,2010,560000
HOUGANG,4 ROOM,84,Simplified,1988,405000
SENGKANG,5 ROOM,115,Premium Apartment,2004,450000
CHOA CHU KANG,4 ROOM,102,Model A,1996,318000
SENGKANG,EXECUTIVE,125,Premium Apartment,2003,592500
SERANGOON,4 ROOM,84,Simplified,1985,500000
SENGKANG,4 ROOM,90,Model A,2001,388000
CHOA CHU KANG,5 ROOM,123,Premium Apartment,2000,460000
PASIR RIS,5 ROOM,126,Improved,1996,460000
YISHUN,4 ROOM,93,New Generation,1984,435000
SERANGOON,4 ROOM,105,Model A,1985,560000
MARINE PARADE,3 ROOM,65,Improved,1975,398000
BEDOK,4 ROOM,96,New Generation,1985,402000
BISHAN,4 ROOM,84,Simplified,1986,508000
BUKIT PANJANG,5 ROOM,110,Premium Apartment,2001,505000
JURONG WEST,5 ROOM,123,Improved,1997,497000
PASIR RIS,5 ROOM,126,Improved,1993,450000
TAMPINES,4 ROOM,84,Simplified,1988,420000
JURONG EAST,3 ROOM,67,New Generation,1983,288000
BISHAN,4 ROOM,84,Simplified,1986,510000
ANG MO KIO,4 ROOM,92,New Generation,1979,465000
KALLANG/WHAMPOA,5 ROOM,110,Improved,2003,805000
CLEMENTI,3 ROOM,67,New Generation,1980,335000
PASIR RIS,5 ROOM,125,Improved,1996,440000
BUKIT PANJANG,5 ROOM,110,Improved,2002,470000
SENGKANG,4 ROOM,90,Model A,2000,458000
CHOA CHU KANG,5 ROOM,124,Improved,1995,489000
CHOA CHU KANG,4 ROOM,104,Model A,1993,343000
BUKIT PANJANG,5 ROOM,120,Improved,1999,605999
SERANGOON,4 ROOM,84,Simplified,1985,500000
JURONG WEST,4 ROOM,103,Model A,1985,395000
HOUGANG,3 ROOM,74,Model A,1983,315000
BISHAN,5 ROOM,121,Improved,1987,683000
HOUGANG,EXECUTIVE,146,Maisonette,1991,666888
BEDOK,5 ROOM,126,Improved,1982,480000
WOODLANDS,4 ROOM,102,Model A,1998,390000
BEDOK,EXECUTIVE,146,Apartment,1993,747000
SEMBAWANG,4 ROOM,96,Model A,2010,405000
CHOA CHU KANG,4 ROOM,85,Model A2,2002,333800
QUEENSTOWN,3 ROOM,72,Improved,1970,400000
GEYLANG,5 ROOM,113,Improved,2000,798000
TOA PAYOH,3 ROOM,68,Improved,1969,346000
TOA PAYOH,3 ROOM,65,Improved,1982,320000
WOODLANDS,5 ROOM,115,Improved,2000,429888
WOODLANDS,4 ROOM,103,Model A,1985,390000
ANG MO KIO,3 ROOM,73,New Generation,1978,355000
ANG MO KIO,3 ROOM,82,New Generation,1980,350000
SERANGOON,3 ROOM,64,Simplified,1985,390000
SENGKANG,5 ROOM,115,Premium Apartment,2004,554000
ANG MO KIO,3 ROOM,68,New Generation,1981,280000
WOODLANDS,5 ROOM,128,Improved,1996,470000
GEYLANG,3 ROOM,58,Improved,1972,255000
SENGKANG,4 ROOM,85,Model A2,2003,330000
QUEENSTOWN,4 ROOM,95,Model A,2002,655000
CLEMENTI,3 ROOM,68,New Generation,1980,318000
QUEENSTOWN,4 ROOM,88,Improved,1976,545000
BUKIT PANJANG,5 ROOM,111,Improved,2002,492000
ANG MO KIO,3 ROOM,67,New Generation,1978,374000
PUNGGOL,4 ROOM,85,Model A,2003,478888
ANG MO KIO,5 ROOM,110,Improved,2002,800000
CHOA CHU KANG,5 ROOM,133,Model A,1993,475000
QUEENSTOWN,4 ROOM,84,Improved,1974,495000
YISHUN,5 ROOM,121,Improved,1987,470000
WOODLANDS,4 ROOM,101,Model A,1998,400000
BUKIT PANJANG,5 ROOM,110,Premium Apartment,2002,445000
QUEENSTOWN,3 ROOM,65,Improved,1975,310000
JURONG WEST,5 ROOM,122,Improved,1988,405000
YISHUN,4 ROOM,104,Model A,1988,315000
BUKIT BATOK,3 ROOM,68,New Generation,1986,346000
JURONG WEST,5 ROOM,110,Improved,2000,558000
CLEMENTI,3 ROOM,82,New Generation,1978,486000
TAMPINES,4 ROOM,104,Model A,1984,475000
SEMBAWANG,4 ROOM,86,Model A2,2003,400000
TAMPINES,3 ROOM,74,Model A,1985,368000
QUEENSTOWN,3 ROOM,65,Improved,1974,490000
MARINE PARADE,5 ROOM,126,Standard,1975,843888
QUEENSTOWN,2 ROOM,46,Standard,1971,280000
JURONG EAST,5 ROOM,135,Model A,1984,570000
BUKIT PANJANG,5 ROOM,110,Premium Apartment,2004,543000
KALLANG/WHAMPOA,5 ROOM,122,Improved,1987,550000
WOODLANDS,5 ROOM,120,Improved,1998,430000
TOA PAYOH,3 ROOM,67,Improved,1970,378000
HOUGANG,4 ROOM,103,New Generation,1983,405000
BISHAN,5 ROOM,121,Improved,1987,825000
BUKIT MERAH,5 ROOM,110,Improved,2003,865000
ANG MO KIO,3 ROOM,88,New Generation,1978,418000
BEDOK,4 ROOM,92,New Generation,1979,455000
PASIR RIS,EXECUTIVE,144,Apartment,1992,598000
ANG MO KIO,5 ROOM,136,Model A,1996,580000
ANG MO KIO,3 ROOM,67,New Generation,1979,317000
SENGKANG,4 ROOM,95,Premium Apartment,2004,428888
GEYLANG,3 ROOM,61,Standard,1969,278000
SEMBAWANG,5 ROOM,110,Improved,2001,400000
JURONG WEST,EXECUTIVE,135,Premium Apartment,2000,586000
BUKIT PANJANG,3 ROOM,73,Model A,1989,290000
HOUGANG,3 ROOM,69,Improved,1985,300000
SERANGOON,EXECUTIVE,154,Maisonette,1989,842300
PUNGGOL,5 ROOM,110,Improved,2003,440000
WOODLANDS,4 ROOM,91,Model A2,1997,320000
BEDOK,3 ROOM,59,Improved,1978,305000
CLEMENTI,4 ROOM,91,New Generation,1978,460000
BUKIT PANJANG,4 ROOM,104,Model A,1988,330000
QUEENSTOWN,3 ROOM,73,Improved,1974,495000
ANG MO KIO,5 ROOM,121,Improved,1981,634000
BUKIT PANJANG,3 ROOM,64,Simplified,1988,280000
QUEENSTOWN,3 ROOM,65,Improved,1974,450000
TAMPINES,4 ROOM,106,Model A,1984,485000
KALLANG/WHAMPOA,3 ROOM,65,Improved,1974,350000
WOODLANDS,4 ROOM,99,Model A,1997,398888
BEDOK,3 ROOM,68,New Generation,1979,363000
BUKIT BATOK,5 ROOM,121,Improved,1985,458000
JURONG EAST,5 ROOM,120,Improved,1981,635000
KALLANG/WHAMPOA,5 ROOM,120,Improved,1997,580000
TOA PAYOH,3 ROOM,65,Improved,1967,320000
WOODLANDS,3 ROOM,73,Model A,1994,309000
SERANGOON,3 ROOM,60,Improved,1984,323000
YISHUN,3 ROOM,77,Model A,1983,285000
BUKIT PANJANG,4 ROOM,103,Model A,1988,365000
JURONG EAST,3 ROOM,67,New Generation,1984,330000
HOUGANG,4 ROOM,96,New Generation,1985,385000
CHOA CHU KANG,5 ROOM,122,Premium Apartment,1999,500000
WOODLANDS,4 ROOM,101,Model A2,1997,372000
BEDOK,EXECUTIVE,145,Maisonette,1996,803000
WOODLANDS,4 ROOM,102,Model A,1999,390000
JURONG WEST,EXECUTIVE,146,Apartment,1993,495000
ANG MO KIO,5 ROOM,119,Improved,1993,612888
SENGKANG,5 ROOM,110,Improved,2001,475000
PASIR RIS,EXECUTIVE,149,Apartment,1993,587000
WOODLANDS,4 ROOM,101,Model A,1998,400000
ANG MO KIO,3 ROOM,67,New Generation,1980,342000
TAMPINES,4 ROOM,105,Model A,1985,422000
BUKIT MERAH,3 ROOM,65,Improved,1975,388000
CHOA CHU KANG,5 ROOM,125,Premium Apartment,1999,400000
TAMPINES,5 ROOM,128,Improved,1988,630000
ANG MO KIO,4 ROOM,88,Model A,2012,650000
BEDOK,4 ROOM,85,Model A,2005,555000
BISHAN,4 ROOM,107,Model A,1992,500000
WOODLANDS,5 ROOM,118,Improved,1997,470000
CHOA CHU KANG,5 ROOM,123,Improved,1994,370000
CHOA CHU KANG,5 ROOM,125,Improved,1993,420000
JURONG WEST,EXECUTIVE,145,Apartment,1993,565000
JURONG WEST,3 ROOM,67,Improved,1971,325000
BUKIT PANJANG,5 ROOM,111,Premium Apartment,2003,470000
BUKIT MERAH,4 ROOM,87,Model A,2002,580000
JURONG WEST,3 ROOM,67,New Generation,1985,325000
SENGKANG,4 ROOM,93,Premium Apartment,2010,550000
BUKIT PANJANG,4 ROOM,102,Model A,1998,515000
TAMPINES,4 ROOM,108,Model A,1987,443000
WOODLANDS,EXECUTIVE,163,Apartment,1993,676000
PASIR RIS,EXECUTIVE,146,Apartment,1993,625000
TAMPINES,5 ROOM,123,Improved,1994,468000
BUKIT BATOK,4 ROOM,83,Simplified,1986,335000
HOUGANG,4 ROOM,103,Model A,1986,433000
JURONG WEST,5 ROOM,110,Improved,2001,458000
JURONG WEST,5 ROOM,135,Model A,1985,415000
BUKIT BATOK,4 ROOM,94,New Generation,1988,320000
BUKIT PANJANG,3 ROOM,73,Model A,1987,295000
PASIR RIS,5 ROOM,136,Model A,1992,539000
TAMPINES,5 ROOM,123,Improved,1996,520000
SENGKANG,4 ROOM,93,Model A,2013,428888
BEDOK,3 ROOM,68,New Generation,1980,293000
TAMPINES,3 ROOM,78,Model A,1984,352000
WOODLANDS,EXECUTIVE,144,Apartment,1996,580000
JURONG WEST,4 ROOM,106,Premium Apartment,1998,470000
TOA PAYOH,3 ROOM,67,Improved,1970,360000
PASIR RIS,4 ROOM,104,Model A,1995,378000
WOODLANDS,EXECUTIVE,179,Apartment,1995,725000
WOODLANDS,4 ROOM,102,Model A,1995,370000
YISHUN,3 ROOM,67,New Generation,1986,300000
SENGKANG,4 ROOM,94,Model A,2012,480000
WOODLANDS,5 ROOM,128,Premium Apartment,1999,508000
CHOA CHU KANG,4 ROOM,108,Model A,1996,375000
SENGKANG,5 ROOM,110,Improved,2000,526888
HOUGANG,EXECUTIVE,152,Apartment,1986,635500
KALLANG/WHAMPOA,3 ROOM,65,Improved,1974,335000
CLEMENTI,4 ROOM,83,New Generation,1978,453000
ANG MO KIO,3 ROOM,68,New Generation,1985,327000
WOODLANDS,4 ROOM,90,Simplified,1985,378000
CHOA CHU KANG,EXECUTIVE,142,Apartment,1993,666000
JURONG WEST,3 ROOM,76,Model A,1984,302000
SEMBAWANG,EXECUTIVE,130,Apartment,2001,533000
JURONG WEST,5 ROOM,110,Improved,2002,465000
CHOA CHU KANG,5 ROOM,110,Improved,2003,380000
SENGKANG,5 ROOM,115,Improved,2000,420000
PUNGGOL,4 ROOM,92,Model A,2012,412000
BUKIT BATOK,4 ROOM,92,Model A2,1998,430000
WOODLANDS,5 ROOM,121,Improved,1986,425000
SENGKANG,EXECUTIVE,135,Apartment,1999,630000
CLEMENTI,3 ROOM,67,New Generation,1979,412000
ANG MO KIO,3 ROOM,82,New Generation,1980,388000
BUKIT MERAH,3 ROOM,65,Improved,1975,360000
TAMPINES,4 ROOM,103,Model A,1984,400000
WOODLANDS,4 ROOM,92,New Generation,1985,385000
PASIR RIS,5 ROOM,121,Improved,1995,553000
HOUGANG,2 ROOM,47,Model A,2012,268000
HOUGANG,5 ROOM,110,Improved,2003,438000
TAMPINES,3 ROOM,69,Improved,1985,325000
QUEENSTOWN,3 ROOM,69,Standard,1969,363888
JURONG EAST,3 ROOM,74,Model A,1983,320000
TAMPINES,4 ROOM,99,Model A,1997,422000
GEYLANG,3 ROOM,69,Improved,1986,385000
CHOA CHU KANG,4 ROOM,100,Model A,1997,350000
TAMPINES,3 ROOM,78,Model A,1985,370000
CLEMENTI,5 ROOM,123,Improved,1979,678000
BUKIT BATOK,3 ROOM,82,New Generation,1984,310000
QUEENSTOWN,3 ROOM,65,Improved,1976,363000
JURONG WEST,4 ROOM,109,Model A,1993,366000
WOODLANDS,3 ROOM,65,Improved,1974,295000
GEYLANG,2 ROOM,46,Standard,1973,263000
SENGKANG,4 ROOM,95,Premium Apartment,2004,380000
WOODLANDS,5 ROOM,122,Improved,1997,451000
SENGKANG,4 ROOM,91,Model A,2001,412000
HOUGANG,4 ROOM,82,Improved,1975,310000
JURONG WEST,4 ROOM,91,Premium Apartment,2008,458000
TAMPINES,5 ROOM,121,Improved,1988,468000
CLEMENTI,3 ROOM,67,New Generation,1979,415000
GEYLANG,5 ROOM,110,Improved,2006,748000
QUEENSTOWN,3 ROOM,60,Standard,1967,345000
SENGKANG,5 ROOM,110,Improved,2003,428888
WOODLANDS,4 ROOM,90,Premium Apartment,2004,370000
WOODLANDS,5 ROOM,119,Improved,1996,475000
JURONG WEST,5 ROOM,110,Premium Apartment,2008,518000
JURONG WEST,EXECUTIVE,130,Apartment,2001,578000
CLEMENTI,4 ROOM,92,New Generation,1986,438000
BUKIT PANJANG,5 ROOM,132,Improved,1988,470000
BEDOK,4 ROOM,85,Model A,2006,566000
SENGKANG,5 ROOM,122,Improved,1999,435000
BISHAN,5 ROOM,121,Improved,1988,775000
ANG MO KIO,3 ROOM,81,New Generation,1984,370000
TAMPINES,3 ROOM,73,Model A,1984,315000
WOODLANDS,4 ROOM,102,Model A,1999,395000
YISHUN,4 ROOM,84,Simplified,1985,315000
CLEMENTI,3 ROOM,67,New Generation,1979,355000
BUKIT MERAH,3 ROOM,70,Improved,1975,370000
BUKIT MERAH,3 ROOM,73,New Generation,1976,445000
SERANGOON,3 ROOM,67,New Generation,1985,317000
JURONG EAST,3 ROOM,67,New Generation,1983,340000
JURONG WEST,4 ROOM,93,Premium Apartment,2000,388000
CHOA CHU KANG,4 ROOM,92,New Generation,1979,320000
WOODLANDS,4 ROOM,100,Model A,1997,380000
BISHAN,5 ROOM,121,Improved,1988,678000
JURONG WEST,3 ROOM,82,New Generation,1982,308000
BUKIT BATOK,4 ROOM,94,New Generation,1987,400000
BEDOK,4 ROOM,92,New Generation,1979,483000
WOODLANDS,4 ROOM,102,Model A,1998,391888
KALLANG/WHAMPOA,4 ROOM,104,Model A,1987,495000
JURONG EAST,4 ROOM,91,Model A,2003,362000
TOA PAYOH,3 ROOM,67,Improved,1970,305000
HOUGANG,4 ROOM,91,New Generation,1985,380000
GEYLANG,3 ROOM,55,Standard,1967,285000
YISHUN,4 ROOM,84,Simplified,1988,305000
SEMBAWANG,4 ROOM,92,Model A,2001,480000
SENGKANG,4 ROOM,97,Model A,2013,438000
PASIR RIS,5 ROOM,125,Improved,1995,435000
BUKIT PANJANG,EXECUTIVE,142,Maisonette,1999,660000
KALLANG/WHAMPOA,4 ROOM,91,New Generation,1976,495000
PUNGGOL,4 ROOM,93,Premium Apartment,2012,520888
CLEMENTI,4 ROOM,92,New Generation,1979,495000
WOODLANDS,4 ROOM,99,Model A,1996,430000
KALLANG/WHAMPOA,5 ROOM,122,Standard,1981,700000
BUKIT PANJANG,4 ROOM,100,Model A,1998,524888
BISHAN,4 ROOM,105,Model A,1992,493000
WOODLANDS,EXECUTIVE,141,Premium Apartment,2000,583000
BEDOK,3 ROOM,60,Improved,1986,300000
TOA PAYOH,EXECUTIVE,142,Apartment,1993,910000
PASIR RIS,EXECUTIVE,144,Apartment,1992,650000
BEDOK,4 ROOM,82,Improved,1976,435000
CHOA CHU KANG,EXECUTIVE,145,Maisonette,1995,562000
BEDOK,3 ROOM,67,New Generation,1979,308000
ANG MO KIO,3 ROOM,82,New Generation,1985,355000
WOODLANDS,4 ROOM,91,Model A2,1997,374000
SENGKANG,4 ROOM,84,Model A2,2001,420000
CLEMENTI,4 ROOM,92,New Generation,1979,522000
HOUGANG,4 ROOM,93,New Generation,1983,380000
WOODLANDS,3 ROOM,68,New Generation,1981,305000
SENGKANG,4 ROOM,95,Premium Apartment,2002,390000
BEDOK,5 ROOM,121,Improved,1982,438000
MARINE PARADE,4 ROOM,87,Improved,1976,490000
TAMPINES,5 ROOM,122,Improved,1993,510000
CHOA CHU KANG,4 ROOM,106,Model A,1989,405000
PUNGGOL,5 ROOM,110,Premium Apartment,2004,450000
BUKIT BATOK,EXECUTIVE,150,Maisonette,1985,668000
WOODLANDS,4 ROOM,102,Model A,1998,380000
MARINE PARADE,3 ROOM,76,Improved,1976,440000
BUKIT MERAH,4 ROOM,85,Model A,2001,682000
YISHUN,5 ROOM,125,Improved,1985,435000
SENGKANG,5 ROOM,110,Improved,2002,430000
KALLANG/WHAMPOA,5 ROOM,114,Standard,1976,555500
CHOA CHU KANG,4 ROOM,101,Model A,1999,390000
JURONG WEST,3 ROOM,64,Simplified,1985,235000
TAMPINES,4 ROOM,105,Model A,1984,470000
JURONG EAST,EXECUTIVE,149,Maisonette,1985,605000
SEMBAWANG,4 ROOM,95,Premium Apartment,2001,416000
SENGKANG,4 ROOM,90,Premium Apartment,2009,635000
SERANGOON,4 ROOM,84,Simplified,1986,463000
ANG MO KIO,4 ROOM,100,New Generation,1980,450000
YISHUN,4 ROOM,93,Model A,2013,360000
TAMPINES,4 ROOM,103,Model A,1984,440000
ANG MO KIO,3 ROOM,68,New Generation,1980,330000
BEDOK,4 ROOM,84,Simplified,1985,470000
HOUGANG,EXECUTIVE,148,Maisonette,1992,838800
WOODLANDS,5 ROOM,121,Improved,1996,470000
CHOA CHU KANG,5 ROOM,128,Improved,1996,540000
WOODLANDS,5 ROOM,110,Premium Apartment,2004,498000
KALLANG/WHAMPOA,3 ROOM,63,Standard,1981,331500
ANG MO KIO,4 ROOM,98,New Generation,1977,500000
WOODLANDS,4 ROOM,101,Model A,1996,428500
KALLANG/WHAMPOA,3 ROOM,65,Improved,1974,370000
QUEENSTOWN,4 ROOM,106,Model A,1997,720000
ANG MO KIO,5 ROOM,133,Model A,1996,650000
CLEMENTI,3 ROOM,67,New Generation,1979,345000
CHOA CHU KANG,4 ROOM,105,Model A,1993,355000
KALLANG/WHAMPOA,3 ROOM,62,Model A,2004,538888
CLEMENTI,4 ROOM,92,New Generation,1979,476800
TAMPINES,4 ROOM,102,Model A,1997,494000
BISHAN,4 ROOM,84,Simplified,1987,435000
CLEMENTI,3 ROOM,67,New Generation,1979,340000
GEYLANG,4 ROOM,104,Model A,1985,440000
CLEMENTI,3 ROOM,68,New Generation,1980,410000
BISHAN,4 ROOM,85,Simplified,1988,575000
CHOA CHU KANG,5 ROOM,125,Improved,1993,460000
HOUGANG,4 ROOM,85,Model A2,2003,365000
TAMPINES,4 ROOM,104,Model A,1985,425000
BEDOK,5 ROOM,133,Model A,1984,535000
CLEMENTI,3 ROOM,67,New Generation,1980,362000
TAMPINES,4 ROOM,108,Model A,1982,435000
QUEENSTOWN,4 ROOM,85,Model A,2006,725000
BUKIT BATOK,3 ROOM,67,New Generation,1984,268000
ANG MO KIO,3 ROOM,67,New Generation,1979,347000
BUKIT MERAH,3 ROOM,73,New Generation,1976,415000
BUKIT MERAH,4 ROOM,99,Model A,1997,616000
WOODLANDS,4 ROOM,103,Model A2,1997,443000
BISHAN,3 ROOM,65,Improved,1973,285000
BUKIT MERAH,3 ROOM,88,New Generation,1978,470000
SENGKANG,4 ROOM,90,Premium Apartment,2006,408000
BEDOK,5 ROOM,121,Improved,1980,540000
BEDOK,3 ROOM,69,Model A,2010,440000
WOODLANDS,3 ROOM,65,Improved,1974,268000
BUKIT BATOK,4 ROOM,103,Model A,1998,430000
SENGKANG,4 ROOM,100,Model A,1999,490000
TAMPINES,5 ROOM,109,DBSS,2008,628000
SERANGOON,3 ROOM,67,New Generation,1985,335000
ANG MO KIO,3 ROOM,68,New Generation,1980,335000
SENGKANG,3 ROOM,69,Model A,2011,375000
PASIR RIS,4 ROOM,109,Model A,1995,435000
PASIR RIS,5 ROOM,128,Improved,1995,500000
HOUGANG,4 ROOM,100,Model A,1997,535000
SENGKANG,4 ROOM,101,Model A,1999,396000
WOODLANDS,5 ROOM,137,Model A,1995,440000
PASIR RIS,4 ROOM,106,Model A,1993,425000
TOA PAYOH,3 ROOM,65,Improved,1973,373000
SERANGOON,5 ROOM,122,Improved,1992,430000
TOA PAYOH,3 ROOM,65,Improved,1976,280000
TAMPINES,4 ROOM,107,Model A,1984,468000
HOUGANG,5 ROOM,110,Improved,2003,433000
PASIR RIS,EXECUTIVE,150,Apartment,1993,532500
CHOA CHU KANG,4 ROOM,104,Model A,1993,336000
SENGKANG,5 ROOM,110,Improved,2001,550000
SENGKANG,4 ROOM,90,Premium Apartment,2009,580000
TAMPINES,4 ROOM,104,Model A,1984,460000
JURONG WEST,4 ROOM,107,Model A,1993,405000
TAMPINES,4 ROOM,104,Model A,1989,456000
CENTRAL AREA,3 ROOM,59,Improved,1977,410000
ANG MO KIO,4 ROOM,81,New Generation,1977,405000
CLEMENTI,5 ROOM,121,Improved,1984,675000
BUKIT BATOK,5 ROOM,115,Improved,2005,598000
BUKIT MERAH,4 ROOM,82,Improved,1976,480000
PUNGGOL,5 ROOM,111,Premium Apartment,2005,545000
SENGKANG,5 ROOM,110,Premium Apartment,2003,539000
KALLANG/WHAMPOA,3 ROOM,60,Standard,1969,285000
JURONG EAST,3 ROOM,70,New Generation,1983,315000
BUKIT MERAH,3 ROOM,65,Improved,1976,370000
ANG MO KIO,4 ROOM,98,New Generation,1977,472000
CENTRAL AREA,4 ROOM,95,Type S1,2011,900000
TOA PAYOH,4 ROOM,92,Model A,2009,715000
HOUGANG,5 ROOM,121,Improved,1997,505000
BEDOK,3 ROOM,59,Improved,1978,335000
QUEENSTOWN,3 ROOM,69,Standard,1967,320000
SEMBAWANG,5 ROOM,110,Improved,2001,370000
TAMPINES,5 ROOM,126,Improved,1993,490000
SENGKANG,5 ROOM,110,Improved,2002,545000
CLEMENTI,4 ROOM,104,Model A,1984,625000
PUNGGOL,5 ROOM,112,Premium Apartment,2005,447000
TOA PAYOH,3 ROOM,74,Model A,1984,418000
ANG MO KIO,4 ROOM,82,New Generation,1976,390000
JURONG WEST,3 ROOM,65,Improved,1976,295000
YISHUN,4 ROOM,103,Model A,1988,463000
QUEENSTOWN,4 ROOM,90,Model A,2006,739999
TAMPINES,4 ROOM,104,Model A,1988,448000
PASIR RIS,EXECUTIVE,151,Apartment,1994,540000
BUKIT PANJANG,4 ROOM,91,Premium Apartment,2003,420000
SEMBAWANG,5 ROOM,110,Improved,2000,455000
SENGKANG,5 ROOM,114,Premium Apartment,2001,472000
HOUGANG,3 ROOM,66,New Generation,1982,320000
PASIR RIS,4 ROOM,104,Model A,1995,385888
CHOA CHU KANG,4 ROOM,105,Premium Apartment,1999,355000
WOODLANDS,5 ROOM,110,Improved,2000,450000
TAMPINES,EXECUTIVE,142,Apartment,1993,628000
CENTRAL AREA,4 ROOM,85,Improved,1984,620018
BUKIT BATOK,4 ROOM,92,Model A,2005,473888
ANG MO KIO,3 ROOM,68,New Generation,1981,341000
JURONG WEST,4 ROOM,105,Model A,1988,390000
JURONG WEST,3 ROOM,59,Improved,1975,270000
CHOA CHU KANG,EXECUTIVE,146,Maisonette,1989,580000
BUKIT MERAH,3 ROOM,56,Standard,1971,350000
ANG MO KIO,5 ROOM,110,Improved,2006,780000
BUKIT PANJANG,4 ROOM,104,Model A,1988,340000
PASIR RIS,4 ROOM,105,Model A,1995,412000
WOODLANDS,4 ROOM,90,Improved,1974,321000
JURONG WEST,4 ROOM,104,Model A,1984,350000
SENGKANG,5 ROOM,110,Improved,2001,498000
CLEMENTI,3 ROOM,67,New Generation,1978,415000
BUKIT MERAH,4 ROOM,82,Improved,1976,510000
BEDOK,3 ROOM,67,New Generation,1977,356000
YISHUN,EXECUTIVE,147,Apartment,1987,530000
BUKIT MERAH,5 ROOM,119,Standard,1976,700000
GEYLANG,3 ROOM,65,Improved,1975,308000
PUNGGOL,4 ROOM,93,Premium Apartment,2011,500000
TAMPINES,5 ROOM,133,Model A,1982,568000
JURONG WEST,5 ROOM,115,Premium Apartment,2001,500000
JURONG WEST,4 ROOM,100,Model A,1998,430000
BUKIT MERAH,5 ROOM,110,Improved,2002,805000
TAMPINES,4 ROOM,105,Model A,1993,460500
BUKIT MERAH,5 ROOM,116,Improved,2000,668000
PASIR RIS,EXECUTIVE,153,Maisonette,1996,620000
SENGKANG,5 ROOM,110,Improved,2001,520000
SEMBAWANG,4 ROOM,91,Model A,2001,360000
PASIR RIS,4 ROOM,106,Model A,1989,405000
SEMBAWANG,4 ROOM,90,Model A,2004,445500
YISHUN,3 ROOM,67,New Generation,1985,320000
CLEMENTI,3 ROOM,67,New Generation,1978,396000
BEDOK,EXECUTIVE,143,Apartment,1993,690000
WOODLANDS,4 ROOM,91,New Generation,1977,354000
YISHUN,4 ROOM,93,New Generation,1985,388000
PUNGGOL,5 ROOM,110,Improved,2003,542000
BUKIT BATOK,3 ROOM,73,Model A,1985,294000
SENGKANG,4 ROOM,92,Model A,2005,358000
CHOA CHU KANG,4 ROOM,91,Model A2,1997,387000
TAMPINES,4 ROOM,104,Model A,1988,479888
YISHUN,4 ROOM,105,New Generation,1982,320000
BUKIT MERAH,5 ROOM,110,Improved,2003,745000
BEDOK,5 ROOM,125,Improved,1996,590000
CLEMENTI,4 ROOM,105,Model A,1983,480000
CHOA CHU KANG,4 ROOM,104,Premium Apartment,2000,360000
CHOA CHU KANG,5 ROOM,124,Premium Apartment,1999,506000
TAMPINES,5 ROOM,132,Model A,1993,510000
WOODLANDS,5 ROOM,121,Improved,1990,450000
BEDOK,3 ROOM,67,New Generation,1985,360000
WOODLANDS,4 ROOM,98,New Generation,1985,410000
PUNGGOL,4 ROOM,90,Model A,2003,360000
BEDOK,3 ROOM,59,Improved,1978,280000
YISHUN,EXECUTIVE,146,Maisonette,1988,580000
WOODLANDS,3 ROOM,65,Improved,1976,255000
WOODLANDS,3 ROOM,69,Improved,1985,316000
JURONG EAST,4 ROOM,102,Model A,1999,460000
PUNGGOL,5 ROOM,111,Premium Apartment,2003,528000
SEMBAWANG,5 ROOM,113,Improved,2001,525000
TAMPINES,5 ROOM,132,Model A,1985,485000
JURONG WEST,5 ROOM,110,Improved,2002,458000
BUKIT MERAH,3 ROOM,59,Improved,1975,296000
BUKIT MERAH,4 ROOM,91,New Generation,1976,500000
JURONG WEST,5 ROOM,110,Improved,2001,465000
HOUGANG,5 ROOM,120,Improved,1998,508000
QUEENSTOWN,3 ROOM,65,Improved,1975,474500
BEDOK,3 ROOM,68,New Generation,1979,320800
BUKIT MERAH,4 ROOM,81,Improved,1975,478000
CLEMENTI,3 ROOM,67,New Generation,1978,420000
SENGKANG,5 ROOM,122,Improved,1999,498000
JURONG EAST,3 ROOM,68,New Generation,1983,296000
SENGKANG,5 ROOM,110,Improved,2001,445000
JURONG WEST,5 ROOM,116,Improved,2001,450000
PASIR RIS,5 ROOM,123,Improved,1992,480000
CHOA CHU KANG,5 ROOM,121,Improved,1998,503000
SENGKANG,4 ROOM,87,Model A2,2002,432500
SEMBAWANG,4 ROOM,93,Model A,2001,440000
YISHUN,3 ROOM,64,Simplified,1987,335000
JURONG WEST,4 ROOM,109,Model A,1993,389000
TAMPINES,4 ROOM,104,Model A,1989,405000
SERANGOON,3 ROOM,67,New Generation,1985,312000
GEYLANG,2 ROOM,42,Standard,1969,215000
JURONG EAST,3 ROOM,68,New Generation,1983,338000
BUKIT PANJANG,EXECUTIVE,132,Apartment,2001,638000
TAMPINES,3 ROOM,74,Model A,1984,370000
BEDOK,4 ROOM,84,Simplified,1988,365000
SERANGOON,3 ROOM,67,New Generation,1985,307000
TAMPINES,4 ROOM,104,Model A,1988,400000
JURONG WEST,2 ROOM,48,Premium Apartment,2008,220000
BISHAN,3 ROOM,65,Improved,1973,322500
BISHAN,EXECUTIVE,144,Maisonette,1987,748000
CLEMENTI,3 ROOM,67,New Generation,1979,330000
TAMPINES,5 ROOM,124,Premium Apartment,1997,525000
JURONG EAST,4 ROOM,104,Model A,1983,410000
ANG MO KIO,3 ROOM,82,New Generation,1980,380000
BUKIT BATOK,4 ROOM,103,Model A,1998,520000
KALLANG/WHAMPOA,3 ROOM,78,Improved,1972,412000
BUKIT PANJANG,4 ROOM,103,Model A,1999,317000
KALLANG/WHAMPOA,3 ROOM,66,Improved,1974,330000
BUKIT BATOK,4 ROOM,84,Simplified,1985,384000
CHOA CHU KANG,5 ROOM,110,Improved,2003,377000
HOUGANG,3 ROOM,67,New Generation,1983,340000
WOODLANDS,5 ROOM,124,Improved,1997,426888
JURONG EAST,3 ROOM,67,New Generation,1981,340000
CLEMENTI,3 ROOM,82,New Generation,1979,400000
KALLANG/WHAMPOA,3 ROOM,63,Standard,1981,295000
BEDOK,5 ROOM,115,Premium Apartment,2000,625000
SERANGOON,3 ROOM,64,Simplified,1985,399000
BEDOK,3 ROOM,67,New Generation,1979,333000
HOUGANG,4 ROOM,100,Model A,1998,423000
TOA PAYOH,3 ROOM,67,Improved,1971,332000
BUKIT PANJANG,4 ROOM,91,Premium Apartment,2002,370000
HOUGANG,3 ROOM,60,Improved,1985,352000
BUKIT BATOK,3 ROOM,73,New Generation,1985,328000
YISHUN,4 ROOM,107,Model A,1988,418000
ANG MO KIO,4 ROOM,92,New Generation,1979,445000
SEMBAWANG,4 ROOM,101,Model A,1999,460000
SENGKANG,4 ROOM,94,Model A,2011,418888
WOODLANDS,5 ROOM,121,Improved,1997,420000
SEMBAWANG,5 ROOM,110,Improved,2004,445000
SENGKANG,4 ROOM,90,Premium Apartment,2009,599000
YISHUN,4 ROOM,93,New Generation,1985,485000
PASIR RIS,EXECUTIVE,149,Apartment,1995,735000
JURONG WEST,EXECUTIVE,132,Apartment,2002,585000
BUKIT PANJANG,EXECUTIVE,133,Premium Apartment,2002,520000
JURONG WEST,4 ROOM,104,Model A,1996,379000
TAMPINES,4 ROOM,84,Simplified,1988,381500
JURONG WEST,4 ROOM,103,Model A,1984,403000
BUKIT MERAH,5 ROOM,122,Improved,1999,610000
CLEMENTI,4 ROOM,91,New Generation,1981,465000
QUEENSTOWN,4 ROOM,89,Improved,1973,480000
JURONG WEST,EXECUTIVE,132,Premium Apartment,2000,682500
GEYLANG,3 ROOM,60,Standard,1969,320000
JURONG WEST,5 ROOM,111,Improved,2001,460000
TAMPINES,3 ROOM,74,Model A,1985,375000
SENGKANG,4 ROOM,96,Model A,2000,440000
SENGKANG,4 ROOM,90,Premium Apartment,2002,360000
SERANGOON,EXECUTIVE,150,Maisonette,1985,685000
JURONG WEST,4 ROOM,90,Model A,2001,395888
ANG MO KIO,3 ROOM,67,New Generation,1980,280000
WOODLANDS,5 ROOM,121,Improved,1998,457000
QUEENSTOWN,4 ROOM,107,Model A,1996,615000
GEYLANG,4 ROOM,85,Model A,2005,565000
CLEMENTI,3 ROOM,67,New Generation,1985,360000
PASIR RIS,4 ROOM,105,Model A,1992,485000
JURONG WEST,5 ROOM,111,Improved,2002,420000
PASIR RIS,5 ROOM,122,Improved,1989,511000
MARINE PARADE,3 ROOM,76,Improved,1975,465000
BUKIT BATOK,3 ROOM,73,Model A,1987,365000
WOODLANDS,EXECUTIVE,161,Apartment,1995,610000
CHOA CHU KANG,4 ROOM,101,Premium Apartment,1999,365000
TOA PAYOH,3 ROOM,68,Improved,1968,306000
WOODLANDS,4 ROOM,99,Model A,1997,390000
YISHUN,4 ROOM,108,Model A,1985,420000
KALLANG/WHAMPOA,3 ROOM,64,Simplified,1987,340000
QUEENSTOWN,5 ROOM,110,Improved,2008,930000
BEDOK,5 ROOM,124,Improved,1983,467000
PASIR RIS,EXECUTIVE,146,Maisonette,1988,638000
BUKIT MERAH,4 ROOM,100,Model A,2005,750000
SENGKANG,5 ROOM,110,Improved,2001,460000
MARINE PARADE,3 ROOM,65,Improved,1975,405000
PUNGGOL,5 ROOM,110,Improved,2003,498000
BUKIT BATOK,4 ROOM,84,Simplified,1986,365000
SEMBAWANG,4 ROOM,90,Model A2,2001,430000
BEDOK,5 ROOM,117,Standard,1978,538000
SENGKANG,4 ROOM,94,Premium Apartment,2004,375000
TAMPINES,4 ROOM,84,Simplified,1986,421000
CHOA CHU KANG,4 ROOM,104,Model A,1989,395000
GEYLANG,5 ROOM,142,Model A-Maisonette,1984,730000
JURONG WEST,4 ROOM,84,Simplified,1985,383500
BUKIT BATOK,3 ROOM,67,New Generation,1984,275000
BUKIT MERAH,3 ROOM,73,New Generation,1978,370000
CHOA CHU KANG,4 ROOM,104,Model A,1993,418000
HOUGANG,4 ROOM,90,Model A2,1999,410000
BEDOK,5 ROOM,112,Improved,2010,766000
KALLANG/WHAMPOA,3 ROOM,56,Standard,1971,300000
BUKIT PANJANG,4 ROOM,84,Simplified,1988,390000
HOUGANG,4 ROOM,91,New Generation,1986,326000
SENGKANG,5 ROOM,110,Premium Apartment,2003,415000
ANG MO KIO,5 ROOM,119,Improved,1980,638000
SENGKANG,4 ROOM,94,Model A,2011,468000
QUEENSTOWN,3 ROOM,63,Standard,1970,328000
JURONG WEST,5 ROOM,123,Improved,1996,418000
SERANGOON,4 ROOM,93,New Generation,1985,415000
ANG MO KIO,3 ROOM,67,New Generation,1979,360000
WOODLANDS,5 ROOM,110,Improved,2000,410000
WOODLANDS,3 ROOM,76,Improved,1974,250000
PUNGGOL,5 ROOM,110,Improved,2003,440000
WOODLANDS,5 ROOM,122,Improved,1998,438000
TOA PAYOH,3 ROOM,64,Standard,1969,336000
SEMBAWANG,4 ROOM,96,Premium Apartment,2001,460000
TAMPINES,4 ROOM,84,Simplified,1988,443000
BUKIT PANJANG,5 ROOM,122,Improved,1988,425000
PUNGGOL,5 ROOM,110,Premium Apartment,2003,625000
BISHAN,4 ROOM,89,Simplified,1986,470001
TOA PAYOH,3 ROOM,78,Improved,1972,385000
SENGKANG,4 ROOM,90,Model A,2001,410000
HOUGANG,4 ROOM,106,Model A,1992,585000
BUKIT PANJANG,3 ROOM,73,Model A,1988,303800
KALLANG/WHAMPOA,4 ROOM,85,Model A,2006,635000
TOA PAYOH,5 ROOM,110,Improved,2006,680000
SENGKANG,4 ROOM,95,Premium Apartment,2012,425000
SENGKANG,4 ROOM,90,Model A,2001,479500
PUNGGOL,5 ROOM,113,Premium Apartment,2013,630000
TAMPINES,3 ROOM,73,Model A,1984,318000
JURONG WEST,5 ROOM,135,Model A,1985,433000
ANG MO KIO,3 ROOM,89,New Generation,1979,440000
YISHUN,4 ROOM,92,New Generation,1984,408000
TOA PAYOH,3 ROOM,66,Improved,1973,298000
YISHUN,3 ROOM,74,Model A,1989,283000
JURONG WEST,5 ROOM,120,Premium Apartment,1998,593000
PASIR RIS,5 ROOM,127,Improved,1993,480000
WOODLANDS,5 ROOM,125,Premium Apartment,1999,455000
JURONG EAST,3 ROOM,68,New Generation,1985,300000
PUNGGOL,5 ROOM,111,Premium Apartment,2003,550000
TAMPINES,4 ROOM,84,Simplified,1988,445000
QUEENSTOWN,4 ROOM,85,Model A,2006,715000
PASIR RIS,5 ROOM,127,Improved,1993,545000
BISHAN,5 ROOM,121,Improved,1985,698000
ANG MO KIO,3 ROOM,73,New Generation,1978,370000
CHOA CHU KANG,4 ROOM,103,Model A,1990,422088
PUNGGOL,5 ROOM,110,Improved,2003,450000
MARINE PARADE,3 ROOM,68,Improved,1976,362000
QUEENSTOWN,3 ROOM,65,Improved,1975,430000
CLEMENTI,3 ROOM,67,New Generation,1979,356000
YISHUN,3 ROOM,67,New Generation,1985,300000
TAMPINES,4 ROOM,105,Model A,1985,468000
WOODLANDS,EXECUTIVE,131,Apartment,2001,545000
TAMPINES,5 ROOM,124,Improved,1993,538500
WOODLANDS,5 ROOM,123,Improved,1999,475000
GEYLANG,4 ROOM,84,Simplified,1985,386800
BUKIT BATOK,3 ROOM,67,New Generation,1985,303000
WOODLANDS,5 ROOM,110,Premium Apartment,2004,475000
SENGKANG,4 ROOM,92,Model A,2011,458000
TOA PAYOH,3 ROOM,74,Model A,1984,433000
SENGKANG,5 ROOM,115,Improved,1999,500000
YISHUN,3 ROOM,68,Improved,1985,308000
BEDOK,3 ROOM,68,New Generation,1981,298000
KALLANG/WHAMPOA,3 ROOM,67,Model A,2012,448000
WOODLANDS,EXECUTIVE,150,Maisonette,1996,645000
KALLANG/WHAMPOA,3 ROOM,65,Improved,1974,343000
PASIR RIS,4 ROOM,104,Model A,1996,410000
BEDOK,4 ROOM,99,New Generation,1985,453000
SENGKANG,4 ROOM,91,Model A,2005,388000
WOODLANDS,4 ROOM,103,Model A,1996,403000
JURONG WEST,EXECUTIVE,126,Apartment,2002,553000
WOODLANDS,4 ROOM,90,Premium Apartment,2004,385000
BEDOK,5 ROOM,119,Standard,1976,620000
JURONG WEST,5 ROOM,116,Improved,2001,480000
BEDOK,4 ROOM,84,Simplified,1987,413500
YISHUN,4 ROOM,104,Model A,1988,330000
PUNGGOL,5 ROOM,110,Improved,2003,475888
HOUGANG,3 ROOM,60,Improved,1987,280000
YISHUN,EXECUTIVE,146,Maisonette,1988,540000
PUNGGOL,5 ROOM,110,Premium Apartment,2003,550000
BUKIT PANJANG,4 ROOM,103,Model A,1988,422000
WOODLANDS,4 ROOM,101,Model A,1999,415000
CHOA CHU KANG,4 ROOM,104,Model A,1993,430000
HOUGANG,4 ROOM,90,Model A2,1998,350000
WOODLANDS,5 ROOM,122,Improved,1998,425000
TAMPINES,4 ROOM,104,Model A,1989,532000
MARINE PARADE,3 ROOM,65,Improved,1975,413800
CLEMENTI,3 ROOM,74,Model A,1983,340000
TAMPINES,5 ROOM,132,Model A,1985,465000
TAMPINES,3 ROOM,75,Model A,1983,310000
TAMPINES,4 ROOM,104,Model A,1989,455000
BUKIT BATOK,3 ROOM,73,Model A,1985,333000
HOUGANG,5 ROOM,120,Improved,1987,420000
HOUGANG,4 ROOM,103,Model A,1997,393888
WOODLANDS,4 ROOM,101,Model A,2000,398888
ANG MO KIO,3 ROOM,73,New Generation,1978,363000
ANG MO KIO,5 ROOM,121,Improved,1980,603000
TAMPINES,4 ROOM,84,Simplified,1986,425000
JURONG WEST,4 ROOM,91,Model A,2000,405000
WOODLANDS,4 ROOM,91,New Generation,1977,347000
PASIR RIS,EXECUTIVE,147,Maisonette,1990,685000
BUKIT BATOK,3 ROOM,64,Simplified,1987,245000
KALLANG/WHAMPOA,2 ROOM,48,Standard,1970,285000
GEYLANG,5 ROOM,117,Standard,1977,555000
PUNGGOL,4 ROOM,95,Premium Apartment,2004,481000
KALLANG/WHAMPOA,4 ROOM,106,Model A,1984,647000
JURONG EAST,5 ROOM,135,Model A,1984,460000
CHOA CHU KANG,4 ROOM,104,Model A,1990,365000
BEDOK,4 ROOM,92,New Generation,1978,465000
HOUGANG,3 ROOM,67,New Generation,1983,308000
WOODLANDS,4 ROOM,100,Model A,2000,418000
SEMBAWANG,5 ROOM,123,Improved,1999,498000
WOODLANDS,5 ROOM,123,Improved,1998,453000
BUKIT BATOK,5 ROOM,139,Model A,1985,550000
GEYLANG,4 ROOM,102,Model A,1998,665000
HOUGANG,4 ROOM,98,Model A,1997,425000
BUKIT MERAH,2 ROOM,42,Standard,1970,270000
WOODLANDS,4 ROOM,91,New Generation,1980,296888
CHOA CHU KANG,4 ROOM,113,Premium Apartment,1998,453000
HOUGANG,3 ROOM,64,Simplified,1986,325000
KALLANG/WHAMPOA,3 ROOM,67,New Generation,1984,395000
HOUGANG,5 ROOM,120,Improved,1999,470000
GEYLANG,3 ROOM,59,Improved,1977,328000
ANG MO KIO,3 ROOM,68,New Generation,1980,334000
PASIR RIS,4 ROOM,106,Model A,1993,417000
CHOA CHU KANG,4 ROOM,100,Model A,1998,362000
KALLANG/WHAMPOA,3 ROOM,56,Standard,1971,305000
CLEMENTI,5 ROOM,121,Improved,1984,710000
YISHUN,4 ROOM,92,New Generation,1984,405000
BISHAN,4 ROOM,84,Simplified,1987,555888
BUKIT BATOK,EXECUTIVE,165,Maisonette,1997,723000
SEMBAWANG,4 ROOM,102,Model A,1999,455000
KALLANG/WHAMPOA,4 ROOM,82,Improved,1976,430000
PUNGGOL,4 ROOM,92,Model A,2012,450000
BUKIT MERAH,3 ROOM,63,Standard,1970,280000
GEYLANG,3 ROOM,60,Standard,1967,288000
YISHUN,3 ROOM,68,New Generation,1984,285000
JURONG WEST,4 ROOM,104,Model A,1990,355000
TOA PAYOH,4 ROOM,106,Model A,1998,632888
SENGKANG,5 ROOM,111,Premium Apartment,2003,513000
GEYLANG,5 ROOM,122,Improved,1996,630000
YISHUN,5 ROOM,122,Improved,1988,550000
ANG MO KIO,4 ROOM,90,Model A,2002,545000
BEDOK,3 ROOM,67,New Generation,1978,345000
KALLANG/WHAMPOA,4 ROOM,90,Model A,2006,612000
BUKIT BATOK,3 ROOM,73,Model A,1984,352000
BEDOK,3 ROOM,67,New Generation,1985,308000
YISHUN,3 ROOM,67,New Generation,1985,368000
CLEMENTI,3 ROOM,67,New Generation,1978,352000
WOODLANDS,3 ROOM,68,New Generation,1981,245000
SEMBAWANG,4 ROOM,95,Premium Apartment,2001,429500
PUNGGOL,5 ROOM,110,Improved,2003,440000
TAMPINES,4 ROOM,84,Simplified,1988,395000
ANG MO KIO,3 ROOM,68,New Generation,1980,327000
SEMBAWANG,5 ROOM,110,Premium Apartment,2001,470000
SENGKANG,EXECUTIVE,126,Premium Apartment,2003,610000
BEDOK,3 ROOM,59,Improved,1978,260000
PASIR RIS,4 ROOM,111,Model A,1996,460000
WOODLANDS,4 ROOM,101,Model A,1999,400000
HOUGANG,EXECUTIVE,142,Apartment,1998,625000
JURONG WEST,3 ROOM,74,Improved,1976,300000
BUKIT MERAH,4 ROOM,100,Model A,2005,750000
JURONG EAST,3 ROOM,68,New Generation,1983,335000
GEYLANG,4 ROOM,84,Simplified,1985,422000
SENGKANG,4 ROOM,92,Premium Apartment,2008,535000
SENGKANG,5 ROOM,114,Premium Apartment,2004,538888
BISHAN,4 ROOM,105,Model A,1992,692500
JURONG WEST,EXECUTIVE,130,Apartment,2000,648888
BEDOK,5 ROOM,123,Improved,1993,610000
SEMBAWANG,4 ROOM,96,Model A,2010,380000
CENTRAL AREA,4 ROOM,93,Type S1,2011,810000
JURONG WEST,5 ROOM,121,Improved,1998,523000
BUKIT BATOK,4 ROOM,116,Model A,1985,490000
BUKIT BATOK,3 ROOM,67,New Generation,1985,280000
CHOA CHU KANG,4 ROOM,104,Model A,1992,380000
BUKIT MERAH,5 ROOM,117,Standard,1978,742000
PUNGGOL,4 ROOM,92,Model A,2012,462000
YISHUN,4 ROOM,104,Model A,1985,398000
GEYLANG,3 ROOM,75,Improved,1982,319000
SENGKANG,5 ROOM,110,Premium Apartment,2003,430000
HOUGANG,3 ROOM,67,New Generation,1984,340000
BEDOK,4 ROOM,93,New Generation,1985,450000
WOODLANDS,5 ROOM,121,Improved,1996,467000
JURONG WEST,4 ROOM,90,Model A,2000,382000
JURONG WEST,4 ROOM,102,Model A,1985,400000
BUKIT TIMAH,5 ROOM,122,Improved,1989,680000
YISHUN,5 ROOM,122,Improved,1988,480000
YISHUN,3 ROOM,67,New Generation,1985,326000
TAMPINES,5 ROOM,123,Improved,1993,501000
JURONG WEST,3 ROOM,69,Model A,2012,328000
BEDOK,3 ROOM,65,Improved,1972,330000
HOUGANG,3 ROOM,67,New Generation,1986,335000
CHOA CHU KANG,4 ROOM,109,Model A,1995,345000
YISHUN,3 ROOM,74,Model A,1989,319000
WOODLANDS,5 ROOM,114,Premium Apartment,2003,430000
MARINE PARADE,3 ROOM,59,Improved,1975,385000
BEDOK,3 ROOM,67,New Generation,1979,335000
BISHAN,4 ROOM,90,Simplified,1988,460000
BUKIT MERAH,4 ROOM,100,Model A,2001,670000
YISHUN,4 ROOM,84,Simplified,1988,345000
BEDOK,4 ROOM,90,Improved,1977,378000
TOA PAYOH,4 ROOM,101,Model A,1999,705000
SEMBAWANG,5 ROOM,110,Improved,2004,395000
BUKIT BATOK,3 ROOM,69,Improved,1987,258000
BUKIT PANJANG,EXECUTIVE,146,Maisonette,1988,533000
JURONG WEST,4 ROOM,90,Model A2,2000,408000
CHOA CHU KANG,5 ROOM,122,Improved,1989,498000
QUEENSTOWN,3 ROOM,59,Standard,1970,325000
CHOA CHU KANG,EXECUTIVE,147,Apartment,1996,606000
TAMPINES,5 ROOM,133,Model A,1984,578000
BEDOK,5 ROOM,123,Standard,1977,637000
JURONG WEST,4 ROOM,103,Model A,1989,352000
PASIR RIS,5 ROOM,137,Model A,1993,460000
BUKIT PANJANG,5 ROOM,124,Improved,1998,519000
BUKIT PANJANG,4 ROOM,90,Model A,2002,355000
YISHUN,3 ROOM,74,Model A,1985,339000
HOUGANG,3 ROOM,64,Simplified,1986,270000
CHOA CHU KANG,4 ROOM,90,Model A,2002,345000
HOUGANG,EXECUTIVE,148,Maisonette,1992,678000
PUNGGOL,4 ROOM,98,Premium Apartment,2013,520000
BUKIT MERAH,3 ROOM,63,Improved,1973,395000
SENGKANG,5 ROOM,110,Improved,2005,505000
BEDOK,5 ROOM,119,Improved,1978,612000
BUKIT BATOK,3 ROOM,68,New Generation,1985,325000
PUNGGOL,4 ROOM,93,Premium Apartment,2011,512000
SEMBAWANG,EXECUTIVE,131,Premium Apartment,2001,535000
ANG MO KIO,4 ROOM,97,New Generation,1977,480000
TAMPINES,4 ROOM,98,New Generation,1989,480000
HOUGANG,3 ROOM,67,New Generation,1983,358000
KALLANG/WHAMPOA,3 ROOM,59,Improved,1973,285000
PUNGGOL,5 ROOM,110,Improved,2003,395000
TOA PAYOH,4 ROOM,87,Improved,1973,463000
PUNGGOL,5 ROOM,114,Premium Apartment,2004,550000
YISHUN,4 ROOM,104,Model A,1987,380000
BUKIT BATOK,3 ROOM,60,Improved,1987,275000
CLEMENTI,4 ROOM,90,Model A,2006,703000
YISHUN,4 ROOM,84,Simplified,1985,352000
YISHUN,3 ROOM,64,Simplified,1986,288000
BEDOK,3 ROOM,68,New Generation,1980,388000
ANG MO KIO,3 ROOM,68,New Generation,1980,290000
SEMBAWANG,4 ROOM,87,Model A2,2000,318000
SENGKANG,5 ROOM,112,Premium Apartment,2003,503000
BEDOK,4 ROOM,103,New Generation,1981,445000
TOA PAYOH,2 ROOM,50,Standard,1983,268000
KALLANG/WHAMPOA,3 ROOM,68,New Generation,1979,330000
JURONG WEST,4 ROOM,109,Model A,1993,335000
TAMPINES,3 ROOM,74,Model A,1986,395000
WOODLANDS,4 ROOM,90,Premium Apartment,2004,345000
SENGKANG,4 ROOM,92,Premium Apartment,2003,380000
JURONG WEST,4 ROOM,113,Model A,1995,480000
YISHUN,3 ROOM,74,Model A,1987,300000
ANG MO KIO,2 ROOM,48,Improved,1977,315000
BUKIT MERAH,4 ROOM,100,Model A,2001,770000
YISHUN,EXECUTIVE,146,Maisonette,1987,645000
HOUGANG,4 ROOM,93,New Generation,1985,455000
BUKIT BATOK,3 ROOM,67,New Generation,1984,290000
TOA PAYOH,3 ROOM,78,Improved,1970,338000
PUNGGOL,5 ROOM,110,Improved,2003,460000
KALLANG/WHAMPOA,5 ROOM,118,Improved,1984,670000
TOA PAYOH,3 ROOM,68,Improved,1969,351000
ANG MO KIO,4 ROOM,90,Model A,2003,595000
PUNGGOL,4 ROOM,94,Premium Apartment,2004,428000
BEDOK,3 ROOM,67,New Generation,1977,335000
HOUGANG,4 ROOM,89,Simplified,1987,364000
BISHAN,EXECUTIVE,146,Maisonette,1992,780000
WOODLANDS,4 ROOM,102,Model A,1998,360000
JURONG WEST,5 ROOM,110,Improved,2001,447500
TOA PAYOH,3 ROOM,65,Improved,1982,301000
JURONG WEST,EXECUTIVE,155,Maisonette,1990,650000
QUEENSTOWN,4 ROOM,92,Model A,2003,700000
JURONG WEST,4 ROOM,90,Model A,2001,414000
KALLANG/WHAMPOA,3 ROOM,65,Improved,1974,338000
BEDOK,4 ROOM,98,New Generation,1981,446000
ANG MO KIO,5 ROOM,119,Improved,1980,633000
ANG MO KIO,3 ROOM,68,New Generation,1981,305000
BUKIT PANJANG,5 ROOM,122,Improved,1988,470000
TAMPINES,4 ROOM,84,Simplified,1984,398000
SENGKANG,4 ROOM,90,Premium Apartment,2009,610000
SEMBAWANG,EXECUTIVE,131,Premium Apartment,2001,455000
BUKIT PANJANG,4 ROOM,101,Model A,1997,458000
JURONG WEST,4 ROOM,104,Model A,1984,375000
BUKIT MERAH,4 ROOM,107,Model A,1995,600000
GEYLANG,4 ROOM,92,New Generation,1976,480000
SENGKANG,4 ROOM,90,Model A2,1999,413000
BUKIT PANJANG,4 ROOM,91,Premium Apartment,2003,536800
TAMPINES,3 ROOM,74,Model A,1985,348000
PUNGGOL,5 ROOM,110,Improved,2003,510000
BUKIT BATOK,4 ROOM,90,Model A,2005,460000
BUKIT BATOK,3 ROOM,59,Improved,1985,308000
BUKIT PANJANG,4 ROOM,90,Model A,2002,340000
TOA PAYOH,4 ROOM,91,Model A,2009,748000
BUKIT MERAH,3 ROOM,67,New Generation,1983,385000
BEDOK,3 ROOM,67,New Generation,1978,280000
YISHUN,4 ROOM,84,Simplified,1987,338000
BUKIT BATOK,4 ROOM,92,Model A2,1998,448000
TAMPINES,5 ROOM,122,Improved,1988,580000
JURONG WEST,4 ROOM,106,Model A,1996,370000
ANG MO KIO,4 ROOM,98,New Generation,1978,525000
JURONG WEST,4 ROOM,103,Model A,1985,360000
WOODLANDS,5 ROOM,111,Improved,2001,403000
SENGKANG,4 ROOM,95,Premium Apartment,2004,394000
BUKIT MERAH,4 ROOM,104,Model A,1984,580000
WOODLANDS,EXECUTIVE,141,Apartment,1997,568000
JURONG WEST,3 ROOM,64,Simplified,1985,303000
SERANGOON,5 ROOM,122,Improved,1992,537000
BUKIT PANJANG,4 ROOM,99,Model A,1999,542000
SENGKANG,EXECUTIVE,134,Premium Apartment,2001,622000
MARINE PARADE,3 ROOM,70,Improved,1975,428000
KALLANG/WHAMPOA,4 ROOM,92,Model A,2012,715000
SERANGOON,3 ROOM,64,Simplified,1986,425000
TAMPINES,5 ROOM,119,Improved,1997,500000
SENGKANG,EXECUTIVE,130,Apartment,2001,638000
WOODLANDS,3 ROOM,68,New Generation,1981,270000
TAMPINES,3 ROOM,82,Model A,1984,410000
QUEENSTOWN,5 ROOM,110,Improved,2008,915000
JURONG EAST,4 ROOM,93,New Generation,1983,418000
KALLANG/WHAMPOA,5 ROOM,122,Improved,1998,680000
PUNGGOL,4 ROOM,92,Premium Apartment,2009,485000
WOODLANDS,4 ROOM,83,Simplified,1985,368000
BUKIT TIMAH,5 ROOM,122,Improved,1989,750000
CLEMENTI,3 ROOM,67,New Generation,1978,385000
PASIR RIS,4 ROOM,107,Model A,1990,465000
BEDOK,4 ROOM,97,New Generation,1982,370000
QUEENSTOWN,4 ROOM,92,Model A,2003,600000
PUNGGOL,5 ROOM,112,Improved,2003,446888
TAMPINES,4 ROOM,105,Model A,1996,398888
CHOA CHU KANG,4 ROOM,103,Premium Apartment,1999,375000
JURONG WEST,4 ROOM,95,Premium Apartment,2000,420000
WOODLANDS,4 ROOM,90,Premium Apartment,2004,461000
JURONG WEST,EXECUTIVE,147,Apartment,1997,542000
BEDOK,EXECUTIVE,143,Apartment,1993,765000
ANG MO KIO,3 ROOM,67,New Generation,1979,290000
MARINE PARADE,5 ROOM,122,Standard,1977,910000
BUKIT BATOK,4 ROOM,104,Model A,1984,495288
PUNGGOL,4 ROOM,99,Premium Apartment,2013,452000
SEMBAWANG,4 ROOM,94,Model A,2010,345000
TOA PAYOH,3 ROOM,67,Improved,1970,353000
YISHUN,4 ROOM,93,New Generation,1985,400000
TAMPINES,4 ROOM,104,Model A,1989,428000
JURONG WEST,4 ROOM,100,Model A,1998,416000
PUNGGOL,4 ROOM,92,Premium Apartment,2009,445000
